,STATE,REMARKS,,Crop,Districts,Production,Languages
3680,ANDAMAN & NICOBAR,Andaman & Nicobar Islands,,Arhar/Tur,NICOBARS,33,"""NA"""
10320,ANDAMAN & NICOBAR,Andaman & Nicobar Islands,,Arhar/Tur,NORTH AND MIDDLE ANDAMAN,33,"""NA"""
13680,ANDAMAN & NICOBAR,Andaman & Nicobar Islands,,Arhar/Tur,SOUTH ANDAMANS,33,"""NA"""
1120,ANDHRA PRADESH,Coastal Andhra Pradesh,,Arhar/Tur,EAST GODAVARI,1,"""DRAVIDIAN"""
1800,ANDHRA PRADESH,Coastal Andhra Pradesh,,Arhar/Tur,VISAKHAPATANAM,1,"""DRAVIDIAN"""
3540,ANDHRA PRADESH,Coastal Andhra Pradesh,,Arhar/Tur,VIZIANAGARAM,1,"""DRAVIDIAN"""
3600,ANDHRA PRADESH,Coastal Andhra Pradesh,,Arhar/Tur,WEST GODAVARI,1,"""DRAVIDIAN"""
5820,ANDHRA PRADESH,Coastal Andhra Pradesh,,Arhar/Tur,GUNTUR,1,"""DRAVIDIAN"""
8280,ANDHRA PRADESH,Coastal Andhra Pradesh,,Arhar/Tur,KRISHNA,1,"""DRAVIDIAN"""
11140,ANDHRA PRADESH,Coastal Andhra Pradesh,,Arhar/Tur,PRAKASAM,1,"""DRAVIDIAN"""
11540,ANDHRA PRADESH,Coastal Andhra Pradesh,,Arhar/Tur,SRIKAKULAM,1,"""DRAVIDIAN"""
13000,ANDHRA PRADESH,Coastal Andhra Pradesh,,Arhar/Tur,SPSR NELLORE,1,"""DRAVIDIAN"""
200,ANDHRA PRADESH,Rayalseema,,Arhar/Tur,KADAPA,1,"""DRAVIDIAN"""
1520,ANDHRA PRADESH,Rayalseema,,Arhar/Tur,CHITTOOR,1,"""DRAVIDIAN"""
12720,ANDHRA PRADESH,Rayalseema,,Arhar/Tur,KURNOOL,1,"""DRAVIDIAN"""
13280,ANDHRA PRADESH,Rayalseema,,Arhar/Tur,ANANTAPUR,1,"""DRAVIDIAN"""
240,ARUNACHAL PRADESH,Arunachal Pradesh,,Arhar/Tur,WEST SIANG,2,"""NA"""
440,ARUNACHAL PRADESH,Arunachal Pradesh,,Arhar/Tur,LOWER SUBANSIRI,2,"""NA"""
600,ARUNACHAL PRADESH,Arunachal Pradesh,,Arhar/Tur,NAMSAI,2,"""NA"""
1380,ARUNACHAL PRADESH,Arunachal Pradesh,,Arhar/Tur,EAST KAMENG,2,"""NA"""
1600,ARUNACHAL PRADESH,Arunachal Pradesh,,Arhar/Tur,LOWER DIBANG VALLEY,2,"""NA"""
2260,ARUNACHAL PRADESH,Arunachal Pradesh,,Arhar/Tur,TIRAP,2,"""NA"""
2380,ARUNACHAL PRADESH,Arunachal Pradesh,,Arhar/Tur,DIBANG VALLEY,2,"""NA"""
4120,ARUNACHAL PRADESH,Arunachal Pradesh,,Arhar/Tur,UPPER SIANG,2,"""NA"""
4520,ARUNACHAL PRADESH,Arunachal Pradesh,,Arhar/Tur,KRA DAADI,2,"""NA"""
4660,ARUNACHAL PRADESH,Arunachal Pradesh,,Arhar/Tur,UPPER SUBANSIRI,2,"""NA"""
5520,ARUNACHAL PRADESH,Arunachal Pradesh,,Arhar/Tur,KURUNG KUMEY,2,"""NA"""
7040,ARUNACHAL PRADESH,Arunachal Pradesh,,Arhar/Tur,LOHIT,2,"""NA"""
8780,ARUNACHAL PRADESH,Arunachal Pradesh,,Arhar/Tur,WEST KAMENG,2,"""NA"""
9120,ARUNACHAL PRADESH,Arunachal Pradesh,,Arhar/Tur,LONGDING,2,"""NA"""
9660,ARUNACHAL PRADESH,Arunachal Pradesh,,Arhar/Tur,PAPUM PARE,2,"""NA"""
9740,ARUNACHAL PRADESH,Arunachal Pradesh,,Arhar/Tur,CHANGLANG,2,"""NA"""
10540,ARUNACHAL PRADESH,Arunachal Pradesh,,Arhar/Tur,TAWANG,2,"""NA"""
10560,ARUNACHAL PRADESH,Arunachal Pradesh,,Arhar/Tur,SIANG,2,"""NA"""
13120,ARUNACHAL PRADESH,Arunachal Pradesh,,Arhar/Tur,ANJAW,2,"""NA"""
13360,ARUNACHAL PRADESH,Arunachal Pradesh,,Arhar/Tur,EAST SIANG,2,"""NA"""
,ASSAM,ASSAM,,Arhar/Tur,HOJAI,3,"""ASSAMESE"""
,ASSAM,ASSAM,,Arhar/Tur,BISWANATH,3,"""ASSAMESE"""
,ASSAM,ASSAM,,Arhar/Tur,WEST KARBI ANGLONG,3,"""ASSAMESE"""
160,ASSAM,Assam & Meghalaya,,Arhar/Tur,KARBI ANGLONG,3,"""ASSAMESE"""
940,ASSAM,Assam & Meghalaya,,Arhar/Tur,DIBRUGARH,3,"""ASSAMESE"""
1060,ASSAM,Assam & Meghalaya,,Arhar/Tur,BAKSA,3,"""ASSAMESE"""
1080,ASSAM,Assam & Meghalaya,,Arhar/Tur,CHIRANG,3,"""ASSAMESE"""
2240,ASSAM,Assam & Meghalaya,,Arhar/Tur,BARPETA,3,"""ASSAMESE"""
3200,ASSAM,Assam & Meghalaya,,Arhar/Tur,KARIMGANJ,3,"""ASSAMESE"""
3340,ASSAM,Assam & Meghalaya,,Arhar/Tur,DHEMAJI,3,"""ASSAMESE"""
3800,ASSAM,Assam & Meghalaya,,Arhar/Tur,CACHAR,3,"""ASSAMESE"""
3840,ASSAM,Assam & Meghalaya,,Arhar/Tur,DIMA HASAO,3,"""ASSAMESE"""
3880,ASSAM,Assam & Meghalaya,,Arhar/Tur,SONITPUR,3,"""ASSAMESE"""
4960,ASSAM,Assam & Meghalaya,,Arhar/Tur,TINSUKIA,3,"""ASSAMESE"""
5260,ASSAM,Assam & Meghalaya,,Arhar/Tur,KOKRAJHAR,3,"""ASSAMESE"""
6700,ASSAM,Assam & Meghalaya,,Arhar/Tur,BONGAIGAON,3,"""ASSAMESE"""
7300,ASSAM,Assam & Meghalaya,,Arhar/Tur,GOALPARA,3,"""ASSAMESE"""
7720,ASSAM,Assam & Meghalaya,,Arhar/Tur,KAMRUP METRO,3,"""ASSAMESE"""
8080,ASSAM,Assam & Meghalaya,,Arhar/Tur,MARIGAON,3,"""ASSAMESE"""
8380,ASSAM,Assam & Meghalaya,,Arhar/Tur,KAMRUP,3,"""ASSAMESE"""
8580,ASSAM,Assam & Meghalaya,,Arhar/Tur,LAKHIMPUR,3,"""ASSAMESE"""
9500,ASSAM,Assam & Meghalaya,,Arhar/Tur,DARRANG,3,"""ASSAMESE"""
10180,ASSAM,Assam & Meghalaya,,Arhar/Tur,NALBARI,3,"""ASSAMESE"""
10500,ASSAM,Assam & Meghalaya,,Arhar/Tur,DHUBRI,3,"""ASSAMESE"""
10640,ASSAM,Assam & Meghalaya,,Arhar/Tur,UDALGURI,3,"""ASSAMESE"""
10800,ASSAM,Assam & Meghalaya,,Arhar/Tur,JORHAT,3,"""ASSAMESE"""
11160,ASSAM,Assam & Meghalaya,,Arhar/Tur,GOLAGHAT,3,"""ASSAMESE"""
12460,ASSAM,Assam & Meghalaya,,Arhar/Tur,HAILAKANDI,3,"""ASSAMESE"""
12620,ASSAM,Assam & Meghalaya,,Arhar/Tur,SIVASAGAR,3,"""ASSAMESE"""
13400,ASSAM,Assam & Meghalaya,,Arhar/Tur,NAGAON,3,"""ASSAMESE"""
,Azad Jammu & Kashmir,Azad Jammu & Kashmir,,Arhar/Tur,Sudhnutti,55,"""NA"""
,Azad Jammu & Kashmir,Azad Jammu & Kashmir,,Arhar/Tur,Bagh,55,"""NA"""
,Azad Jammu & Kashmir,Azad Jammu & Kashmir,,Arhar/Tur,Bhimber,55,"""NA"""
,Azad Jammu & Kashmir,Azad Jammu & Kashmir,,Arhar/Tur,Hattian,55,"""NA"""
,Azad Jammu & Kashmir,Azad Jammu & Kashmir,,Arhar/Tur,Haveli,55,"""NA"""
,Azad Jammu & Kashmir,Azad Jammu & Kashmir,,Arhar/Tur,Mirpur,55,"""NA"""
,Azad Jammu & Kashmir,Azad Jammu & Kashmir,,Arhar/Tur,Kotli,55,"""NA"""
,Azad Jammu & Kashmir,Azad Jammu & Kashmir,,Arhar/Tur,Muzaffarabad,55,"""NA"""
,Azad Jammu & Kashmir,Azad Jammu & Kashmir,,Arhar/Tur,Neelum,55,"""NA"""
,Azad Jammu & Kashmir,Azad Jammu & Kashmir,,Arhar/Tur,Poonch,55,"""NA"""
,Balochistan,Balochistan,,Arhar/Tur,Killa Abdullah,55,"""NA"""
,Balochistan,Balochistan,,Arhar/Tur,Sohbatpur,55,"""NA"""
,Balochistan,Balochistan,,Arhar/Tur,Sherani,55,"""NA"""
,Balochistan,Balochistan,,Arhar/Tur,Lehri,55,"""NA"""
,Balochistan,Balochistan,,Arhar/Tur,Awaran,55,"""NA"""
,Balochistan,Balochistan,,Arhar/Tur,Barkhan,55,"""NA"""
,Balochistan,Balochistan,,Arhar/Tur,Chaghi,55,"""NA"""
,Balochistan,Balochistan,,Arhar/Tur,Dera Bugti,55,"""NA"""
,Balochistan,Balochistan,,Arhar/Tur,Kohlu,55,"""NA"""
,Balochistan,Balochistan,,Arhar/Tur,Gwadar,55,"""NA"""
,Balochistan,Balochistan,,Arhar/Tur,Harnai,55,"""NA"""
,Balochistan,Balochistan,,Arhar/Tur,Jaffarabad,55,"""NA"""
,Balochistan,Balochistan,,Arhar/Tur,Jhal Magsi,55,"""NA"""
,Balochistan,Balochistan,,Arhar/Tur,Kachhi,55,"""NA"""
,Balochistan,Balochistan,,Arhar/Tur,Kalat,55,"""NA"""
,Balochistan,Balochistan,,Arhar/Tur,Kech,55,"""NA"""
,Balochistan,Balochistan,,Arhar/Tur,Kharan,55,"""NA"""
,Balochistan,Balochistan,,Arhar/Tur,Loralai,55,"""NA"""
,Balochistan,Balochistan,,Arhar/Tur,Khuzdar,55,"""NA"""
,Balochistan,Balochistan,,Arhar/Tur,Killa Saifullah,55,"""NA"""
,Balochistan,Balochistan,,Arhar/Tur,Lasbela,55,"""NA"""
,Balochistan,Balochistan,,Arhar/Tur,Mastung,55,"""NA"""
,Balochistan,Balochistan,,Arhar/Tur,Musakhail,55,"""NA"""
,Balochistan,Balochistan,,Arhar/Tur,Nasirabad,55,"""NA"""
,Balochistan,Balochistan,,Arhar/Tur,Nushki,55,"""NA"""
,Balochistan,Balochistan,,Arhar/Tur,Panjgur,55,"""NA"""
,Balochistan,Balochistan,,Arhar/Tur,Pishin,55,"""NA"""
,Balochistan,Balochistan,,Arhar/Tur,Quetta,55,"""NA"""
,Balochistan,Balochistan,,Arhar/Tur,Sibi,55,"""NA"""
,Balochistan,Balochistan,,Arhar/Tur,Washuk,55,"""NA"""
,Balochistan,Balochistan,,Arhar/Tur,Zhob,55,"""NA"""
,Balochistan,Balochistan,,Arhar/Tur,Ziarat,55,"""NA"""
520,BIHAR,Bihar,,Arhar/Tur,MUNGER,4,"""MAGAHI"""
800,BIHAR,Bihar,,Arhar/Tur,SHEIKHPURA,4,"""MAGAHI"""
1940,BIHAR,Bihar,,Arhar/Tur,SUPAUL,4,"""MAITHILI"""
2280,BIHAR,Bihar,,Arhar/Tur,PATNA,4,"""MAGAHI"""
2860,BIHAR,Bihar,,Arhar/Tur,PASHCHIM CHAMPARAN,4,"""BHOJPURI"""
3520,BIHAR,Bihar,,Arhar/Tur,SARAN,4,"""MAGAHI"""
3860,BIHAR,Bihar,,Arhar/Tur,SIWAN,4,"""BAJJIKA"""
4300,BIHAR,Bihar,,Arhar/Tur,MADHEPURA,4,"""MAITHILI"""
5420,BIHAR,Bihar,,Arhar/Tur,VAISHALI,4,"""MAGAHI"""
5800,BIHAR,Bihar,,Arhar/Tur,SITAMARHI,4,"""MAITHILI"""
6000,BIHAR,Bihar,,Arhar/Tur,KISHANGANJ,4,"""MAITHILI"""
6020,BIHAR,Bihar,,Arhar/Tur,LAKHISARAI,4,"""MAGAHI"""
6620,BIHAR,Bihar,,Arhar/Tur,PURBI CHAMPARAN,4,"""BAJJIKA"""
6820,BIHAR,Bihar,,Arhar/Tur,NALANDA,4,"""MAGAHI"""
7080,BIHAR,Bihar,,Arhar/Tur,ROHTAS,4,"""MAGAHI"""
7400,BIHAR,Bihar,,Arhar/Tur,PURNIA,4,"""MAITHILI"""
9280,BIHAR,Bihar,,Arhar/Tur,SAMASTIPUR,4,"""MAGAHI"""
10080,BIHAR,Bihar,,Arhar/Tur,SAHARSA,4,"""MAITHILI"""
11280,BIHAR,Bihar,,Arhar/Tur,MADHUBANI,4,"""MAITHILI"""
12580,BIHAR,Bihar,,Arhar/Tur,NAWADA,4,"""MAGAHI"""
12740,BIHAR,Bihar,,Arhar/Tur,SHEOHAR,4,"""MAITHILI"""
13640,BIHAR,Bihar,,Arhar/Tur,MUZAFFARPUR,4,"""MAITHILI"""
1220,BIHAR,,,Arhar/Tur,BEGUSARAI,4,"""MAGAHI"""
1280,BIHAR,,,Arhar/Tur,JAMUI,4,"""MAGAHI"""
2560,BIHAR,,,Arhar/Tur,KHAGARIA,4,"""MAGAHI"""
3480,BIHAR,,,Arhar/Tur,JEHANABAD,4,"""MAGAHI"""
4800,BIHAR,,,Arhar/Tur,BHOJPUR,4,"""MAGAHI"""
5000,BIHAR,,,Arhar/Tur,DARBHANGA,4,"""MAITHILI"""
7320,BIHAR,,,Arhar/Tur,BHAGALPUR,4,"""MAGAHI"""
8920,BIHAR,,,Arhar/Tur,GAYA,4,"""MAGAHI"""
9020,BIHAR,,,Arhar/Tur,GOPALGANJ,4,"""BAJJIKA"""
9640,BIHAR,,,Arhar/Tur,KATIHAR,4,"""MAITHILI"""
10120,BIHAR,,,Arhar/Tur,ARWAL,4,"""MAGAHI"""
10680,BIHAR,,,Arhar/Tur,BANKA,4,"""MAGAHI"""
12280,BIHAR,,,Arhar/Tur,KAIMUR (BHABUA),4,"""BHOJPURI"""
12440,BIHAR,,,Arhar/Tur,ARARIA,4,"""MAITHILI"""
13520,BIHAR,,,Arhar/Tur,BUXAR,4,"""MAGAHI"""
13760,BIHAR,,,Arhar/Tur,AURANGABADA,4,"""MAGAHI"""
5660,CHANDIGARH,Haryana Delhi & Chandigarh,,Arhar/Tur,CHANDIGARH,5,"""NA"""
60,CHHATTISGARH,Chhattisgarh,,Arhar/Tur,SURAJPUR,6,"""CHHATTISGARHI"""
480,CHHATTISGARH,Chhattisgarh,,Arhar/Tur,KOREA,6,"""CHHATTISGARHI"""
680,CHHATTISGARH,Chhattisgarh,,Arhar/Tur,RAJNANDGAON,6,"""CHHATTISGARHI"""
720,CHHATTISGARH,Chhattisgarh,,Arhar/Tur,KABIRDHAM,6,"""CHHATTISGARHI"""
1360,CHHATTISGARH,Chhattisgarh,,Arhar/Tur,GARIYABAND,6,"""BHATTI"""
1580,CHHATTISGARH,Chhattisgarh,,Arhar/Tur,SURGUJA,6,"""CHHATTISGARHI"""
2100,CHHATTISGARH,Chhattisgarh,,Arhar/Tur,MUNGELI,6,"""CHHATTISGARHI"""
2400,CHHATTISGARH,Chhattisgarh,,Arhar/Tur,DANTEWADA,6,"""HALBI"""
3620,CHHATTISGARH,Chhattisgarh,,Arhar/Tur,MAHASAMUND,6,"""CHHATTISGARHI"""
4180,CHHATTISGARH,Chhattisgarh,,Arhar/Tur,BASTAR,6,"""HALBI"""
4340,CHHATTISGARH,Chhattisgarh,,Arhar/Tur,DHAMTARI,6,"""BHATTI"""
4740,CHHATTISGARH,Chhattisgarh,,Arhar/Tur,RAIGARH,6,"""CHHATTISGARHI"""
5020,CHHATTISGARH,Chhattisgarh,,Arhar/Tur,BEMETARA,6,"""CHHATTISGARHI"""
5080,CHHATTISGARH,Chhattisgarh,,Arhar/Tur,SUKMA,6,"""HALBI"""
5240,CHHATTISGARH,Chhattisgarh,,Arhar/Tur,BALRAMPUR,6,"""CHHATTISGARHI"""
6360,CHHATTISGARH,Chhattisgarh,,Arhar/Tur,RAIPUR,6,"""CHHATTISGARHI"""
8760,CHHATTISGARH,Chhattisgarh,,Arhar/Tur,BILASPURA,6,"""CHHATTISGARHI"""
8820,CHHATTISGARH,Chhattisgarh,,Arhar/Tur,BALODA BAZAR,6,"""CHHATTISGARHI"""
9140,CHHATTISGARH,Chhattisgarh,,Arhar/Tur,BALOD,6,"""BHATTI"""
9480,CHHATTISGARH,Chhattisgarh,,Arhar/Tur,DURG,6,"""CHHATTISGARHI"""
9720,CHHATTISGARH,Chhattisgarh,,Arhar/Tur,JASHPUR,6,"""CHHATTISGARHI"""
10040,CHHATTISGARH,Chhattisgarh,,Arhar/Tur,NARAYANPUR,6,"""BHATTI"""
10760,CHHATTISGARH,Chhattisgarh,,Arhar/Tur,BIJAPUR,6,"""HALBI"""
11840,CHHATTISGARH,Chhattisgarh,,Arhar/Tur,KORBA,6,"""CHHATTISGARHI"""
12080,CHHATTISGARH,Chhattisgarh,,Arhar/Tur,JANJGIR-CHAMPA,6,"""CHHATTISGARHI"""
12960,CHHATTISGARH,Chhattisgarh,,Arhar/Tur,KONDAGAON,6,"""BHATTI"""
13480,CHHATTISGARH,Chhattisgarh,,Arhar/Tur,KANKER,6,"""BHATTI"""
,CHHATTISGARH,CHHATTISGARH,,Arhar/Tur,GAURELLA-PENDRA-MARWAHI,6,"""CHHATTISGARHI"""
7000,DADRA & NAGAR HAVELI & DAMAN & DIU,,,Arhar/Tur,DAMAN,7,"""NA"""
7840,DADRA & NAGAR HAVELI & DAMAN & DIU,,,Arhar/Tur,DADRA AND NAGAR HAVELI,7,"""NA"""
11600,DADRA & NAGAR HAVELI & DAMAN & DIU,,,Arhar/Tur,DIU,7,"""NA"""
11800,DELHI,Haryana Delhi & Chandigarh,,Arhar/Tur,DELHI_TOTAL,5,"""NA"""
,Federally Administered Tribal Areas,Federally Administered Tribal Areas,,Arhar/Tur,FR Tank,54,"""NA"""
,Federally Administered Tribal Areas,Federally Administered Tribal Areas,,Arhar/Tur,Orakzai Agency,54,"""NA"""
,Federally Administered Tribal Areas,Federally Administered Tribal Areas,,Arhar/Tur,FR Peshawar,54,"""NA"""
,Federally Administered Tribal Areas,Federally Administered Tribal Areas,,Arhar/Tur,FR DI Khan,54,"""NA"""
,Federally Administered Tribal Areas,Federally Administered Tribal Areas,,Arhar/Tur,Khyber Agency,54,"""NA"""
,Federally Administered Tribal Areas,Federally Administered Tribal Areas,,Arhar/Tur,Kurram Agency,54,"""NA"""
,Federally Administered Tribal Areas,Federally Administered Tribal Areas,,Arhar/Tur,Mohmand Agency,54,"""NA"""
,Federally Administered Tribal Areas,Federally Administered Tribal Areas,,Arhar/Tur,Bajaur Agency,54,"""NA"""
,Federally Administered Tribal Areas,Federally Administered Tribal Areas,,Arhar/Tur,FR Bannu,54,"""NA"""
,Federally Administered Tribal Areas,Federally Administered Tribal Areas,,Arhar/Tur,FR Kohat,54,"""NA"""
,Federally Administered Tribal Areas,Federally Administered Tribal Areas,,Arhar/Tur,FR Lakki Marwat,54,"""NA"""
,Federally Administered Tribal Areas,Federally Administered Tribal Areas,,Arhar/Tur,North Waziristan Agency,54,"""NA"""
,Federally Administered Tribal Areas,Federally Administered Tribal Areas,,Arhar/Tur,South Waziristan Agency,54,"""NA"""
,Gilgit-Baltistan,Gilgit-Baltistan,,Arhar/Tur,Astor,54,"""NA"""
,Gilgit-Baltistan,Gilgit-Baltistan,,Arhar/Tur,Skardu,54,"""NA"""
,Gilgit-Baltistan,Gilgit-Baltistan,,Arhar/Tur,Diamir,54,"""NA"""
,Gilgit-Baltistan,Gilgit-Baltistan,,Arhar/Tur,Ghanchi,54,"""NA"""
,Gilgit-Baltistan,Gilgit-Baltistan,,Arhar/Tur,Ghizer,54,"""NA"""
,Gilgit-Baltistan,Gilgit-Baltistan,,Arhar/Tur,Gilgit,54,"""NA"""
,Gilgit-Baltistan,Gilgit-Baltistan,,Arhar/Tur,Hunza Nagar,54,"""NA"""
4020,GOA,Konkan & Goa,,Arhar/Tur,NORTH GOA,8,"""NA"""
9540,GOA,Konkan & Goa,,Arhar/Tur,SOUTH GOA,8,"""NA"""
740,GUJARAT,Gujarat Region,,Arhar/Tur,PATAN,9,"""GUJARATI"""
2200,GUJARAT,Gujarat Region,,Arhar/Tur,ARAVALLI,9,"""GUJARATI"""
2700,GUJARAT,Gujarat Region,,Arhar/Tur,BHARUCH,9,"""BHILI"""
2940,GUJARAT,Gujarat Region,,Arhar/Tur,SABAR KANTHA,9,"""GUJARATI"""
3020,GUJARAT,Gujarat Region,,Arhar/Tur,VADODARA,9,"""BHILI"""
3660,GUJARAT,Gujarat Region,,Arhar/Tur,MAHESANA,9,"""GUJARATI"""
4380,GUJARAT,Gujarat Region,,Arhar/Tur,PANCH MAHALS,9,"""BHILI"""
4420,GUJARAT,Gujarat Region,,Arhar/Tur,DANG,9,"""BHILI"""
4680,GUJARAT,Gujarat Region,,Arhar/Tur,ANAND,9,"""GUJARATI"""
6980,GUJARAT,Gujarat Region,,Arhar/Tur,NARMADA,9,"""BHILI"""
7500,GUJARAT,Gujarat Region,,Arhar/Tur,TAPI,9,"""BHILI"""
7560,GUJARAT,Gujarat Region,,Arhar/Tur,VALSAD,9,"""BHILI"""
8140,GUJARAT,Gujarat Region,,Arhar/Tur,MAHISAGAR,9,"""BHILI"""
9460,GUJARAT,Gujarat Region,,Arhar/Tur,KHEDA,9,"""GUJARATI"""
9920,GUJARAT,Gujarat Region,,Arhar/Tur,CHHOTAUDEPUR,9,"""BHILI"""
9980,GUJARAT,Gujarat Region,,Arhar/Tur,SURAT,9,"""BHILI"""
10620,GUJARAT,Gujarat Region,,Arhar/Tur,NAVSARI,9,"""BHILI"""
10740,GUJARAT,Gujarat Region,,Arhar/Tur,DOHAD,9,"""BHILI"""
10780,GUJARAT,Gujarat Region,,Arhar/Tur,GANDHINAGAR,9,"""GUJARATI"""
12380,GUJARAT,Gujarat Region,,Arhar/Tur,BANAS KANTHA,9,"""GUJARATI"""
12480,GUJARAT,Gujarat Region,,Arhar/Tur,AHMADABAD,9,"""GUJARATI"""
660,GUJARAT,Saurashtra & Kutch,,Arhar/Tur,DEVBHUMI DWARKA,9,"""GUJARATI"""
1260,GUJARAT,Saurashtra & Kutch,,Arhar/Tur,BOTAD,9,"""GUJARATI"""
1960,GUJARAT,Saurashtra & Kutch,,Arhar/Tur,JUNAGADH,9,"""GUJARATI"""
3140,GUJARAT,Saurashtra & Kutch,,Arhar/Tur,SURENDRANAGAR,9,"""GUJARATI"""
3400,GUJARAT,Saurashtra & Kutch,,Arhar/Tur,BHAVNAGAR,9,"""GUJARATI"""
5280,GUJARAT,Saurashtra & Kutch,,Arhar/Tur,RAJKOT,9,"""GUJARATI"""
5900,GUJARAT,Saurashtra & Kutch,,Arhar/Tur,AMRELI,9,"""GUJARATI"""
6120,GUJARAT,Saurashtra & Kutch,,Arhar/Tur,JAMNAGAR,9,"""GUJARATI"""
6900,GUJARAT,Saurashtra & Kutch,,Arhar/Tur,GIR SOMNATH,9,"""GUJARATI"""
8060,GUJARAT,Saurashtra & Kutch,,Arhar/Tur,KACHCHH,9,"""KACHCHHI"""
8880,GUJARAT,Saurashtra & Kutch,,Arhar/Tur,MORBI,9,"""GUJARATI"""
13200,GUJARAT,Saurashtra & Kutch,,Arhar/Tur,PORBANDAR,9,"""GUJARATI"""
620,HARYANA,Haryana Delhi & Chandigarh,,Arhar/Tur,SONIPAT,10,"""HARYANVI"""
640,HARYANA,Haryana Delhi & Chandigarh,,Arhar/Tur,MAHENDRAGARH,10,"""HARYANVI"""
960,HARYANA,Haryana Delhi & Chandigarh,,Arhar/Tur,FARIDABAD,10,"""HARYANVI"""
1400,HARYANA,Haryana Delhi & Chandigarh,,Arhar/Tur,KURUKSHETRA,10,"""HARYANVI"""
1700,HARYANA,Haryana Delhi & Chandigarh,,Arhar/Tur,AMBALA,10,"""HARYANVI"""
2920,HARYANA,Haryana Delhi & Chandigarh,,Arhar/Tur,PANCHKULA,10,"""HARYANVI"""
3560,HARYANA,Haryana Delhi & Chandigarh,,Arhar/Tur,HISAR,10,"""HARYANVI"""
4160,HARYANA,Haryana Delhi & Chandigarh,,Arhar/Tur,KARNAL,10,"""HARYANVI"""
5580,HARYANA,Haryana Delhi & Chandigarh,,Arhar/Tur,JIND,10,"""HARYANVI"""
6320,HARYANA,Haryana Delhi & Chandigarh,,Arhar/Tur,MEWAT,10,"""HARYANVI"""
6340,HARYANA,Haryana Delhi & Chandigarh,,Arhar/Tur,GURGAON,10,"""HARYANVI"""
6940,HARYANA,Haryana Delhi & Chandigarh,,Arhar/Tur,KAITHAL,10,"""HARYANVI"""
7980,HARYANA,Haryana Delhi & Chandigarh,,Arhar/Tur,CHARKI DADRI,10,"""HARYANVI"""
8800,HARYANA,Haryana Delhi & Chandigarh,,Arhar/Tur,JHAJJAR,10,"""HARYANVI"""
10000,HARYANA,Haryana Delhi & Chandigarh,,Arhar/Tur,YAMUNANAGAR,10,"""HARYANVI"""
10440,HARYANA,Haryana Delhi & Chandigarh,,Arhar/Tur,ROHTAK,10,"""HARYANVI"""
10720,HARYANA,Haryana Delhi & Chandigarh,,Arhar/Tur,REWARI,10,"""HARYANVI"""
11220,HARYANA,Haryana Delhi & Chandigarh,,Arhar/Tur,PANIPAT,10,"""HARYANVI"""
12780,HARYANA,Haryana Delhi & Chandigarh,,Arhar/Tur,BHIWANI,10,"""HARYANVI"""
13020,HARYANA,Haryana Delhi & Chandigarh,,Arhar/Tur,PALWAL,10,"""HARYANVI"""
13100,HARYANA,Haryana Delhi & Chandigarh,,Arhar/Tur,FATEHABAD,10,"""HARYANVI"""
13220,HARYANA,Haryana Delhi & Chandigarh,,Arhar/Tur,SIRSA,10,"""HARYANVI"""
1140,HIMACHAL PRADESH,Himachal Pradesh,,Arhar/Tur,SIRMAUR,11,"""NA"""
1860,HIMACHAL PRADESH,Himachal Pradesh,,Arhar/Tur,UNA,11,"""NA"""
2820,HIMACHAL PRADESH,Himachal Pradesh,,Arhar/Tur,SOLAN,11,"""NA"""
4320,HIMACHAL PRADESH,Himachal Pradesh,,Arhar/Tur,CHAMBA,11,"""NA"""
6600,HIMACHAL PRADESH,Himachal Pradesh,,Arhar/Tur,LAHUL AND SPITI,11,"""NA"""
6840,HIMACHAL PRADESH,Himachal Pradesh,,Arhar/Tur,KULLU,11,"""NA"""
8400,HIMACHAL PRADESH,Himachal Pradesh,,Arhar/Tur,KANGRA,11,"""NA"""
8520,HIMACHAL PRADESH,Himachal Pradesh,,Arhar/Tur,MANDI,11,"""NA"""
9180,HIMACHAL PRADESH,Himachal Pradesh,,Arhar/Tur,BILASPUR,11,"""NA"""
10240,HIMACHAL PRADESH,Himachal Pradesh,,Arhar/Tur,KINNAUR,11,"""NA"""
10820,HIMACHAL PRADESH,Himachal Pradesh,,Arhar/Tur,HAMIRPUR,11,"""NA"""
12100,HIMACHAL PRADESH,Himachal Pradesh,,Arhar/Tur,SHIMLA,11,"""NA"""
,Islamabad Capital Territory,Islamabad Capital Territory,,Arhar/Tur,Islamabad,53,"""NA"""
540,JAMMU AND KASHMIR,Jammu & Kashmir,,Arhar/Tur,GANDERBAL,12,"""NA"""
1440,JAMMU AND KASHMIR,Jammu & Kashmir,,Arhar/Tur,BARAMULLA,12,"""NA"""
1920,JAMMU AND KASHMIR,Jammu & Kashmir,,Arhar/Tur,KATHUA,12,"""NA"""
2080,JAMMU AND KASHMIR,Jammu & Kashmir,,Arhar/Tur,SAMBA,12,"""NA"""
2160,JAMMU AND KASHMIR,Jammu & Kashmir,,Arhar/Tur,KULGAM,12,"""NA"""
4620,JAMMU AND KASHMIR,Jammu & Kashmir,,Arhar/Tur,PULWAMA,12,"""NA"""
4860,JAMMU AND KASHMIR,Jammu & Kashmir,,Arhar/Tur,ANANTNAG,12,"""NA"""
5060,JAMMU AND KASHMIR,Jammu & Kashmir,,Arhar/Tur,BADGAM,12,"""NA"""
5400,JAMMU AND KASHMIR,Jammu & Kashmir,,Arhar/Tur,UDHAMPUR,12,"""NA"""
5680,JAMMU AND KASHMIR,Jammu & Kashmir,,Arhar/Tur,JAMMU,12,"""NA"""
5720,JAMMU AND KASHMIR,Jammu & Kashmir,,Arhar/Tur,REASI,12,"""NA"""
5780,JAMMU AND KASHMIR,Jammu & Kashmir,,Arhar/Tur,DODA,12,"""NA"""
7460,JAMMU AND KASHMIR,Jammu & Kashmir,,Arhar/Tur,BANDIPORA,12,"""NA"""
7780,JAMMU AND KASHMIR,Jammu & Kashmir,,Arhar/Tur,KUPWARA,12,"""NA"""
8160,JAMMU AND KASHMIR,Jammu & Kashmir,,Arhar/Tur,SHOPIAN,12,"""NA"""
10400,JAMMU AND KASHMIR,Jammu & Kashmir,,Arhar/Tur,KISHTWAR,12,"""NA"""
11740,JAMMU AND KASHMIR,Jammu & Kashmir,,Arhar/Tur,POONCH,12,"""NA"""
12400,JAMMU AND KASHMIR,Jammu & Kashmir,,Arhar/Tur,RAMBAN,12,"""NA"""
12920,JAMMU AND KASHMIR,Jammu & Kashmir,,Arhar/Tur,RAJAURI,12,"""NA"""
13740,JAMMU AND KASHMIR,Jammu & Kashmir,,Arhar/Tur,SRINAGAR,12,"""NA"""
1000,JHARKHAND,Jharkhand,,Arhar/Tur,CHATRA,13,"""MAGAHI"""
1540,JHARKHAND,Jharkhand,,Arhar/Tur,DUMKA,13,"""ANGIKA"""
2000,JHARKHAND,Jharkhand,,Arhar/Tur,JAMTARA,13,"""ANGIKA"""
2040,JHARKHAND,Jharkhand,,Arhar/Tur,SIMDEGA,13,"""SADANI"""
4200,JHARKHAND,Jharkhand,,Arhar/Tur,RAMGARH,13,"""ANGIKA"""
4480,JHARKHAND,Jharkhand,,Arhar/Tur,PAKUR,13,"""ANGIKA"""
4540,JHARKHAND,Jharkhand,,Arhar/Tur,KODERMA,13,"""MAGAHI"""
4600,JHARKHAND,Jharkhand,,Arhar/Tur,DEOGHAR,13,"""MAGAHI"""
4640,JHARKHAND,Jharkhand,,Arhar/Tur,SARAIKELA KHARSAWAN,13,"""SADANI"""
5740,JHARKHAND,Jharkhand,,Arhar/Tur,PALAMU,13,"""MAGAHI"""
6080,JHARKHAND,Jharkhand,,Arhar/Tur,HAZARIBAGH,13,"""MAGAHI"""
6220,JHARKHAND,Jharkhand,,Arhar/Tur,GARHWA,13,"""BHOJPURI"""
6480,JHARKHAND,Jharkhand,,Arhar/Tur,WEST SINGHBHUM,13,"""SADANI"""
7220,JHARKHAND,Jharkhand,,Arhar/Tur,GODDA,13,"""ANGIKA"""
7740,JHARKHAND,Jharkhand,,Arhar/Tur,LATEHAR,13,"""MAGAHI"""
8740,JHARKHAND,Jharkhand,,Arhar/Tur,LOHARDAGA,13,"""MAGAHI"""
9160,JHARKHAND,Jharkhand,,Arhar/Tur,GUMLA,13,"""SADANI"""
9240,JHARKHAND,Jharkhand,,Arhar/Tur,BOKARO,13,"""ANGIKA"""
9520,JHARKHAND,Jharkhand,,Arhar/Tur,EAST SINGHBUM,13,"""SADANI"""
11100,JHARKHAND,Jharkhand,,Arhar/Tur,RANCHI,13,"""SADANI"""
12560,JHARKHAND,Jharkhand,,Arhar/Tur,KHUNTI,13,"""SADANI"""
12640,JHARKHAND,Jharkhand,,Arhar/Tur,DHANBAD,13,"""ANGIKA"""
13380,JHARKHAND,Jharkhand,,Arhar/Tur,GIRIDIH,13,"""MAGAHI"""
13700,JHARKHAND,Jharkhand,,Arhar/Tur,SAHEBGANJ,13,"""ANGIKA"""
3900,KARNATAKA,Coastal Karnataka,,Arhar/Tur,UTTARA KANNADA,14,"""DRAVIDIAN"""
6660,KARNATAKA,Coastal Karnataka,,Arhar/Tur,UDUPI,14,"""DRAVIDIAN"""
13580,KARNATAKA,Coastal Karnataka,,Arhar/Tur,DAKSHINA KANNADA,14,"""DRAVIDIAN"""
140,KARNATAKA,North Interior Karnataka,,Arhar/Tur,VIJAYAPURA,14,"""DRAVIDIAN"""
320,KARNATAKA,North Interior Karnataka,,Arhar/Tur,BIDAR,14,"""DRAVIDIAN"""
1660,KARNATAKA,North Interior Karnataka,,Arhar/Tur,GADAG,14,"""DRAVIDIAN"""
2460,KARNATAKA,North Interior Karnataka,,Arhar/Tur,KALABURAGI,14,"""DRAVIDIAN"""
3580,KARNATAKA,North Interior Karnataka,,Arhar/Tur,KOPPAL,14,"""DRAVIDIAN"""
4080,KARNATAKA,North Interior Karnataka,,Arhar/Tur,YADAGIRI,14,"""DRAVIDIAN"""
4260,KARNATAKA,North Interior Karnataka,,Arhar/Tur,BALLARI,14,"""DRAVIDIAN"""
5760,KARNATAKA,North Interior Karnataka,,Arhar/Tur,RAICHUR,14,"""DRAVIDIAN"""
8260,KARNATAKA,North Interior Karnataka,,Arhar/Tur,BAGALKOTE,14,"""DRAVIDIAN"""
10260,KARNATAKA,North Interior Karnataka,,Arhar/Tur,DHARWAD,14,"""DRAVIDIAN"""
12900,KARNATAKA,North Interior Karnataka,,Arhar/Tur,BELAGAVI,14,"""DRAVIDIAN"""
13260,KARNATAKA,North Interior Karnataka,,Arhar/Tur,HAVERI,14,"""DRAVIDIAN"""
180,KARNATAKA,South Interior Karnataka,,Arhar/Tur,CHIKKABALLAPURA,14,"""DRAVIDIAN"""
1340,KARNATAKA,South Interior Karnataka,,Arhar/Tur,DAVANGERE,14,"""DRAVIDIAN"""
2540,KARNATAKA,South Interior Karnataka,,Arhar/Tur,RAMANAGARA,14,"""DRAVIDIAN"""
4140,KARNATAKA,South Interior Karnataka,,Arhar/Tur,BANGALORE RURAL,14,"""DRAVIDIAN"""
4400,KARNATAKA,South Interior Karnataka,,Arhar/Tur,MANDYA,14,"""DRAVIDIAN"""
4820,KARNATAKA,South Interior Karnataka,,Arhar/Tur,MYSURU,14,"""DRAVIDIAN"""
4980,KARNATAKA,South Interior Karnataka,,Arhar/Tur,CHITRADURGA,14,"""DRAVIDIAN"""
6860,KARNATAKA,South Interior Karnataka,,Arhar/Tur,CHAMARAJANAGARA,14,"""DRAVIDIAN"""
7440,KARNATAKA,South Interior Karnataka,,Arhar/Tur,HASSAN,14,"""DRAVIDIAN"""
7960,KARNATAKA,South Interior Karnataka,,Arhar/Tur,BENGALURU URBAN,14,"""DRAVIDIAN"""
9840,KARNATAKA,South Interior Karnataka,,Arhar/Tur,TUMAKURU,14,"""DRAVIDIAN"""
10140,KARNATAKA,South Interior Karnataka,,Arhar/Tur,CHIKKAMAGALURU,14,"""DRAVIDIAN"""
11520,KARNATAKA,South Interior Karnataka,,Arhar/Tur,KOLAR,14,"""DRAVIDIAN"""
11660,KARNATAKA,South Interior Karnataka,,Arhar/Tur,SHIVAMOGGA,14,"""DRAVIDIAN"""
13620,KARNATAKA,South Interior Karnataka,,Arhar/Tur,KODAGU,14,"""DRAVIDIAN"""
360,KERALA,Kerala,,Arhar/Tur,ALAPPUZHA,15,"""DRAVIDIAN"""
880,KERALA,Kerala,,Arhar/Tur,THIRUVANANTHAPURAM,15,"""DRAVIDIAN"""
1300,KERALA,Kerala,,Arhar/Tur,WAYANAD,15,"""DRAVIDIAN"""
1880,KERALA,Kerala,,Arhar/Tur,THRISSUR,15,"""DRAVIDIAN"""
3300,KERALA,Kerala,,Arhar/Tur,IDUKKI,15,"""DRAVIDIAN"""
3820,KERALA,Kerala,,Arhar/Tur,PALAKKAD,15,"""DRAVIDIAN"""
5100,KERALA,Kerala,,Arhar/Tur,KOLLAM,15,"""DRAVIDIAN"""
6160,KERALA,Kerala,,Arhar/Tur,KANNUR,15,"""DRAVIDIAN"""
6260,KERALA,Kerala,,Arhar/Tur,PATHANAMTHITTA,15,"""DRAVIDIAN"""
8220,KERALA,Kerala,,Arhar/Tur,KASARAGOD,15,"""DRAVIDIAN"""
8840,KERALA,Kerala,,Arhar/Tur,MALAPPURAM,15,"""DRAVIDIAN"""
9000,KERALA,Kerala,,Arhar/Tur,KOTTAYAM,15,"""DRAVIDIAN"""
9420,KERALA,Kerala,,Arhar/Tur,ERNAKULAM,15,"""DRAVIDIAN"""
12660,KERALA,Kerala,,Arhar/Tur,KOZHIKODE,15,"""DRAVIDIAN"""
13400,KHYBER PAKHTUNKHWA,KHYBER PAKHTUNKHWA,,Arhar/Tur,BANNU,52,"""NA"""
,Khyber Pakhtunkhwa,Khyber Pakhtunkhwa,,Arhar/Tur,Hangu,52,"""NA"""
,Khyber Pakhtunkhwa,Khyber Pakhtunkhwa,,Arhar/Tur,Charsadda,52,"""NA"""
,Khyber Pakhtunkhwa,Khyber Pakhtunkhwa,,Arhar/Tur,Mardan,52,"""NA"""
,Khyber Pakhtunkhwa,Khyber Pakhtunkhwa,,Arhar/Tur,Peshawar,52,"""NA"""
,Khyber Pakhtunkhwa,Khyber Pakhtunkhwa,,Arhar/Tur,Abbottabad,52,"""NA"""
,Khyber Pakhtunkhwa,Khyber Pakhtunkhwa,,Arhar/Tur,Batagram,52,"""NA"""
,Khyber Pakhtunkhwa,Khyber Pakhtunkhwa,,Arhar/Tur,Nowshera,52,"""NA"""
,Khyber Pakhtunkhwa,Khyber Pakhtunkhwa,,Arhar/Tur,Buner,52,"""NA"""
,Khyber Pakhtunkhwa,Khyber Pakhtunkhwa,,Arhar/Tur,Chitral,52,"""NA"""
,Khyber Pakhtunkhwa,Khyber Pakhtunkhwa,,Arhar/Tur,Dera Ismail Khan,52,"""NA"""
,Khyber Pakhtunkhwa,Khyber Pakhtunkhwa,,Arhar/Tur,Haripur,52,"""NA"""
,Khyber Pakhtunkhwa,Khyber Pakhtunkhwa,,Arhar/Tur,Karak,52,"""NA"""
,Khyber Pakhtunkhwa,Khyber Pakhtunkhwa,,Arhar/Tur,Kohat,52,"""NA"""
,Khyber Pakhtunkhwa,Khyber Pakhtunkhwa,,Arhar/Tur,Kohistan,52,"""NA"""
,Khyber Pakhtunkhwa,Khyber Pakhtunkhwa,,Arhar/Tur,Lakki Marwat,52,"""NA"""
,Khyber Pakhtunkhwa,Khyber Pakhtunkhwa,,Arhar/Tur,Lower Dir,52,"""NA"""
,Khyber Pakhtunkhwa,Khyber Pakhtunkhwa,,Arhar/Tur,Malakand,52,"""NA"""
,Khyber Pakhtunkhwa,Khyber Pakhtunkhwa,,Arhar/Tur,Mansehra,52,"""NA"""
,Khyber Pakhtunkhwa,Khyber Pakhtunkhwa,,Arhar/Tur,Shangla,52,"""NA"""
,Khyber Pakhtunkhwa,Khyber Pakhtunkhwa,,Arhar/Tur,Swabi,52,"""NA"""
,Khyber Pakhtunkhwa,Khyber Pakhtunkhwa,,Arhar/Tur,Swat,52,"""NA"""
,Khyber Pakhtunkhwa,Khyber Pakhtunkhwa,,Arhar/Tur,Tank,52,"""NA"""
,Khyber Pakhtunkhwa,Khyber Pakhtunkhwa,,Arhar/Tur,Tor Ghar,52,"""NA"""
,Khyber Pakhtunkhwa,Khyber Pakhtunkhwa,,Arhar/Tur,Upper Dir,52,"""NA"""
420,LADAKH,,,Arhar/Tur,LEH LADAKH,16,"""NA"""
11680,LADAKH,,,Arhar/Tur,KARGIL,16,"""NA"""
1020,MADHYA PRADESH,East Madhya Pradesh,,Arhar/Tur,UMARIA,17,"""BAGHELI"""
1240,MADHYA PRADESH,East Madhya Pradesh,,Arhar/Tur,SHEOPUR,17,"""NA"""
1980,MADHYA PRADESH,East Madhya Pradesh,,Arhar/Tur,NARSINGHPUR,17,"""NA"""
2120,MADHYA PRADESH,East Madhya Pradesh,,Arhar/Tur,KATNI,17,"""BAGHELI"""
2180,MADHYA PRADESH,East Madhya Pradesh,,Arhar/Tur,NEEMUCH,17,"""NA"""
2580,MADHYA PRADESH,East Madhya Pradesh,,Arhar/Tur,BHIND,17,"""BUNDELI"""
2980,MADHYA PRADESH,East Madhya Pradesh,,Arhar/Tur,REWA,17,"""NA"""
3060,MADHYA PRADESH,East Madhya Pradesh,,Arhar/Tur,MANDLA,17,"""BAGHELI"""
3080,MADHYA PRADESH,East Madhya Pradesh,,Arhar/Tur,SHIVPURI,17,"""NA"""
3240,MADHYA PRADESH,East Madhya Pradesh,,Arhar/Tur,CHHATARPUR,17,"""NA"""
4060,MADHYA PRADESH,East Madhya Pradesh,,Arhar/Tur,SEONI,17,"""BAGHELI"""
5300,MADHYA PRADESH,East Madhya Pradesh,,Arhar/Tur,SEHORE,17,"""BUNDELI"""
5380,MADHYA PRADESH,East Madhya Pradesh,,Arhar/Tur,ANUPPUR,17,"""BAGHELI"""
5860,MADHYA PRADESH,East Madhya Pradesh,,Arhar/Tur,BALAGHAT,17,"""BAGHELI"""
6560,MADHYA PRADESH,East Madhya Pradesh,,Arhar/Tur,BETUL,17,"""NA"""
6720,MADHYA PRADESH,East Madhya Pradesh,,Arhar/Tur,GWALIOR,17,"""NA"""
7020,MADHYA PRADESH,East Madhya Pradesh,,Arhar/Tur,VIDISHA,17,"""BUNDELI"""
7160,MADHYA PRADESH,East Madhya Pradesh,,Arhar/Tur,ASHOKNAGAR,17,"""BUNDELI"""
7420,MADHYA PRADESH,East Madhya Pradesh,,Arhar/Tur,CHHINDWARA,17,"""BAGHELI"""
7800,MADHYA PRADESH,East Madhya Pradesh,,Arhar/Tur,MANDSAUR,17,"""NA"""
7900,MADHYA PRADESH,East Madhya Pradesh,,Arhar/Tur,JABALPUR,17,"""BAGHELI"""
7940,MADHYA PRADESH,East Madhya Pradesh,,Arhar/Tur,PANNA,17,"""NA"""
8020,MADHYA PRADESH,East Madhya Pradesh,,Arhar/Tur,SINGRAULI,17,"""BAGHELI"""
8440,MADHYA PRADESH,East Madhya Pradesh,,Arhar/Tur,SAGAR,17,"""NA"""
8900,MADHYA PRADESH,East Madhya Pradesh,,Arhar/Tur,TIKAMGARH,17,"""BUNDELI"""
8960,MADHYA PRADESH,East Madhya Pradesh,,Arhar/Tur,SATNA,17,"""NA"""
9780,MADHYA PRADESH,East Madhya Pradesh,,Arhar/Tur,DATIA,17,"""BUNDELI"""
9860,MADHYA PRADESH,East Madhya Pradesh,,Arhar/Tur,HOSHANGABAD,17,"""NA"""
10580,MADHYA PRADESH,East Madhya Pradesh,,Arhar/Tur,SHAHDOL,17,"""BAGHELI"""
11020,MADHYA PRADESH,East Madhya Pradesh,,Arhar/Tur,SIDHI,17,"""BAGHELI"""
11240,MADHYA PRADESH,East Madhya Pradesh,,Arhar/Tur,DAMOH,17,"""NA"""
11400,MADHYA PRADESH,East Madhya Pradesh,,Arhar/Tur,RAISEN,17,"""NA"""
11460,MADHYA PRADESH,East Madhya Pradesh,,Arhar/Tur,MORENA,17,"""NA"""
11700,MADHYA PRADESH,East Madhya Pradesh,,Arhar/Tur,DINDORI,17,"""BAGHELI"""
12240,MADHYA PRADESH,East Madhya Pradesh,,Arhar/Tur,BHOPAL,17,"""BUNDELI"""
13600,MADHYA PRADESH,East Madhya Pradesh,,Arhar/Tur,GUNA,17,"""NA"""
,MADHYA PRADESH,MADHYA PRADESH,,Arhar/Tur,NIWARI,17,"""BUNDELI"""
560,MADHYA PRADESH,West Madhya Pradesh,,Arhar/Tur,HARDA,17,"""NA"""
3000,MADHYA PRADESH,West Madhya Pradesh,,Arhar/Tur,SHAJAPUR,17,"""NA"""
5540,MADHYA PRADESH,West Madhya Pradesh,,Arhar/Tur,INDORE,17,"""MALVI"""
6100,MADHYA PRADESH,West Madhya Pradesh,,Arhar/Tur,DEWAS,17,"""MALVI"""
6400,MADHYA PRADESH,West Madhya Pradesh,,Arhar/Tur,DHAR,17,"""MALVI"""
7200,MADHYA PRADESH,West Madhya Pradesh,,Arhar/Tur,UJJAIN,17,"""NA"""
8040,MADHYA PRADESH,West Madhya Pradesh,,Arhar/Tur,BARWANI,17,"""NIMADI"""
8240,MADHYA PRADESH,West Madhya Pradesh,,Arhar/Tur,KHARGONE,17,"""NIMADI"""
9260,MADHYA PRADESH,West Madhya Pradesh,,Arhar/Tur,RAJGARH,17,"""NA"""
9940,MADHYA PRADESH,West Madhya Pradesh,,Arhar/Tur,JHABUA,17,"""MALVI"""
10980,MADHYA PRADESH,West Madhya Pradesh,,Arhar/Tur,KHANDWA,17,"""NIMADI"""
11980,MADHYA PRADESH,West Madhya Pradesh,,Arhar/Tur,BURHANPUR,17,"""NIMADI"""
12040,MADHYA PRADESH,West Madhya Pradesh,,Arhar/Tur,ALIRAJPUR,17,"""MALVI"""
12520,MADHYA PRADESH,West Madhya Pradesh,,Arhar/Tur,AGAR MALWA,17,"""NA"""
220,MAHARASHTRA,Konkan & Goa,,Arhar/Tur,PALGHAR,18,"""MARATHI"""
980,MAHARASHTRA,Konkan & Goa,,Arhar/Tur,RATNAGIRI,18,"""MARATHI"""
3440,MAHARASHTRA,Konkan & Goa,,Arhar/Tur,RAIGAD,18,"""MARATHI"""
10020,MAHARASHTRA,Konkan & Goa,,Arhar/Tur,SINDHUDURG,18,"""MARATHI"""
12680,MAHARASHTRA,Konkan & Goa,,Arhar/Tur,THANE,18,"""MARATHI"""
12860,MAHARASHTRA,Konkan & Goa,,Arhar/Tur,MUMBAI SUBURBAN,18,"""MARATHI"""
1680,MAHARASHTRA,Madhya Maharashtra,,Arhar/Tur,NASHIK,18,"""MARATHI"""
2520,MAHARASHTRA,Madhya Maharashtra,,Arhar/Tur,SATARA,18,"""MARATHI"""
3360,MAHARASHTRA,Madhya Maharashtra,,Arhar/Tur,DHULE,18,"""MARATHI"""
7240,MAHARASHTRA,Madhya Maharashtra,,Arhar/Tur,PUNE,18,"""MARATHI"""
9960,MAHARASHTRA,Madhya Maharashtra,,Arhar/Tur,JALGAON,18,"""MARATHI"""
10340,MAHARASHTRA,Madhya Maharashtra,,Arhar/Tur,KOLHAPUR,18,"""MARATHI"""
10460,MAHARASHTRA,Madhya Maharashtra,,Arhar/Tur,NANDURBAR,18,"""MARATHI"""
11860,MAHARASHTRA,Madhya Maharashtra,,Arhar/Tur,SANGLI,18,"""MARATHI"""
12320,MAHARASHTRA,Madhya Maharashtra,,Arhar/Tur,SOLAPUR,18,"""MARATHI"""
13340,MAHARASHTRA,Madhya Maharashtra,,Arhar/Tur,AHMEDNAGAR,18,"""MARATHI"""
20,MAHARASHTRA,Matathwada,,Arhar/Tur,NANDED,18,"""MARATHI"""
400,MAHARASHTRA,Matathwada,,Arhar/Tur,HINGOLI,18,"""MARATHI"""
1740,MAHARASHTRA,Matathwada,,Arhar/Tur,OSMANABAD,18,"""MARATHI"""
3280,MAHARASHTRA,Matathwada,,Arhar/Tur,AURANGABAD,18,"""MARATHI"""
6240,MAHARASHTRA,Matathwada,,Arhar/Tur,PARBHANI,18,"""MARATHI"""
6920,MAHARASHTRA,Matathwada,,Arhar/Tur,BEED,18,"""MARATHI"""
8660,MAHARASHTRA,Matathwada,,Arhar/Tur,JALNA,18,"""MARATHI"""
12300,MAHARASHTRA,Matathwada,,Arhar/Tur,LATUR,18,"""MARATHI"""
820,MAHARASHTRA,Vidarbha,,Arhar/Tur,CHANDRAPUR,18,"""MARATHI"""
2220,MAHARASHTRA,Vidarbha,,Arhar/Tur,GONDIA,18,"""MARATHI"""
2300,MAHARASHTRA,Vidarbha,,Arhar/Tur,WASHIM,18,"""MARATHI"""
4220,MAHARASHTRA,Vidarbha,,Arhar/Tur,GADCHIROLI,18,"""MARATHI"""
5220,MAHARASHTRA,Vidarbha,,Arhar/Tur,YAVATMAL,18,"""MARATHI"""
5320,MAHARASHTRA,Vidarbha,,Arhar/Tur,WARDHA,18,"""MARATHI"""
5700,MAHARASHTRA,Vidarbha,,Arhar/Tur,AMRAVATI,18,"""MARATHI"""
6960,MAHARASHTRA,Vidarbha,,Arhar/Tur,NAGPUR,18,"""MARATHI"""
8000,MAHARASHTRA,Vidarbha,,Arhar/Tur,AKOLA,18,"""MARATHI"""
10960,MAHARASHTRA,Vidarbha,,Arhar/Tur,BHANDARA,18,"""MARATHI"""
11040,MAHARASHTRA,Vidarbha,,Arhar/Tur,BULDHANA,18,"""MARATHI"""
,MANIPUR,MANIPUR,,Arhar/Tur,KANGPOKPI,19,"""NA"""
280,MANIPUR,Naga Mani Mizo Tripura,,Arhar/Tur,BISHNUPUR,19,"""NA"""
3640,MANIPUR,Naga Mani Mizo Tripura,,Arhar/Tur,SENAPATI,19,"""NA"""
4280,MANIPUR,Naga Mani Mizo Tripura,,Arhar/Tur,TAMENGLONG,19,"""NA"""
4460,MANIPUR,Naga Mani Mizo Tripura,,Arhar/Tur,IMPHAL EAST,19,"""NA"""
6140,MANIPUR,Naga Mani Mizo Tripura,,Arhar/Tur,CHANDEL,19,"""NA"""
9760,MANIPUR,Naga Mani Mizo Tripura,,Arhar/Tur,UKHRUL,19,"""NA"""
10160,MANIPUR,Naga Mani Mizo Tripura,,Arhar/Tur,IMPHAL WEST,19,"""NA"""
11340,MANIPUR,Naga Mani Mizo Tripura,,Arhar/Tur,CHURACHANDPUR,19,"""NA"""
11500,MANIPUR,Naga Mani Mizo Tripura,,Arhar/Tur,THOUBAL,19,"""NA"""
2360,MEGHALAYA,Assam & Meghalaya,,Arhar/Tur,RI BHOI,20,"""NA"""
5920,MEGHALAYA,Assam & Meghalaya,,Arhar/Tur,WEST JAINTIA HILLS,20,"""NA"""
7060,MEGHALAYA,Assam & Meghalaya,,Arhar/Tur,EAST KHASI HILLS,20,"""NA"""
7660,MEGHALAYA,Assam & Meghalaya,,Arhar/Tur,WEST GARO HILLS,20,"""NA"""
7680,MEGHALAYA,Assam & Meghalaya,,Arhar/Tur,EAST JAINTIA HILLS,20,"""NA"""
9820,MEGHALAYA,Assam & Meghalaya,,Arhar/Tur,SOUTH GARO HILLS,20,"""NA"""
10380,MEGHALAYA,Assam & Meghalaya,,Arhar/Tur,SOUTH WEST GARO HILLS,20,"""NA"""
10920,MEGHALAYA,Assam & Meghalaya,,Arhar/Tur,WEST KHASI HILLS,20,"""NA"""
13140,MEGHALAYA,Assam & Meghalaya,,Arhar/Tur,SOUTH WEST KHASI HILLS,20,"""NA"""
13660,MEGHALAYA,Assam & Meghalaya,,Arhar/Tur,NORTH GARO HILLS,20,"""NA"""
10900,MEGHALAYA,,,Arhar/Tur,EAST GARO HILLS,20,"""NA"""
380,MIZORAM,Naga Mani Mizo Tripura,,Arhar/Tur,AIZAWL,21,"""NA"""
840,MIZORAM,Naga Mani Mizo Tripura,,Arhar/Tur,KOLASIB,21,"""NA"""
2020,MIZORAM,Naga Mani Mizo Tripura,,Arhar/Tur,LUNGLEI,21,"""NA"""
4360,MIZORAM,Naga Mani Mizo Tripura,,Arhar/Tur,MAMIT,21,"""NA"""
5360,MIZORAM,Naga Mani Mizo Tripura,,Arhar/Tur,CHAMPHAI,21,"""NA"""
8640,MIZORAM,Naga Mani Mizo Tripura,,Arhar/Tur,LAWNGTLAI,21,"""NA"""
12260,MIZORAM,Naga Mani Mizo Tripura,,Arhar/Tur,SAIHA,21,"""NA"""
12500,MIZORAM,Naga Mani Mizo Tripura,,Arhar/Tur,SERCHHIP,21,"""NA"""
340,NAGALAND,Naga Mani Mizo Tripura,,Arhar/Tur,DIMAPUR,22,"""NA"""
500,NAGALAND,Naga Mani Mizo Tripura,,Arhar/Tur,PEREN,22,"""NA"""
860,NAGALAND,Naga Mani Mizo Tripura,,Arhar/Tur,PHEK,22,"""NA"""
1200,NAGALAND,Naga Mani Mizo Tripura,,Arhar/Tur,KIPHIRE,22,"""NA"""
5980,NAGALAND,Naga Mani Mizo Tripura,,Arhar/Tur,MON,22,"""NA"""
7280,NAGALAND,Naga Mani Mizo Tripura,,Arhar/Tur,MOKOKCHUNG,22,"""NA"""
7580,NAGALAND,Naga Mani Mizo Tripura,,Arhar/Tur,WOKHA,22,"""NA"""
8500,NAGALAND,Naga Mani Mizo Tripura,,Arhar/Tur,TUENSANG,22,"""NA"""
11560,NAGALAND,Naga Mani Mizo Tripura,,Arhar/Tur,ZUNHEBOTO,22,"""NA"""
12120,NAGALAND,Naga Mani Mizo Tripura,,Arhar/Tur,LONGLENG,22,"""NA"""
12180,NAGALAND,Naga Mani Mizo Tripura,,Arhar/Tur,KOHIMA,22,"""NA"""
760,ODISHA,Orissa,,Arhar/Tur,KALAHANDI,23,"""ORIYA"""
1640,ODISHA,Orissa,,Arhar/Tur,KENDUJHAR,23,"""ORIYA"""
1720,ODISHA,Orissa,,Arhar/Tur,BARGARH,23,"""ORIYA"""
4580,ODISHA,Orissa,,Arhar/Tur,SUNDARGARH,23,"""ORIYA"""
4900,ODISHA,Orissa,,Arhar/Tur,NUAPADA,23,"""ORIYA"""
5200,ODISHA,Orissa,,Arhar/Tur,BOUDH,23,"""ORIYA"""
5640,ODISHA,Orissa,,Arhar/Tur,JAGATSINGHAPUR,23,"""ORIYA"""
6040,ODISHA,Orissa,,Arhar/Tur,KORAPUT,23,"""ORIYA"""
6200,ODISHA,Orissa,,Arhar/Tur,MAYURBHANJ,23,"""ORIYA"""
6780,ODISHA,Orissa,,Arhar/Tur,KHORDHA,23,"""ORIYA"""
7120,ODISHA,Orissa,,Arhar/Tur,BALANGIR,23,"""ORIYA"""
7360,ODISHA,Orissa,,Arhar/Tur,ANUGUL,23,"""ORIYA"""
7620,ODISHA,Orissa,,Arhar/Tur,NABARANGPUR,23,"""ORIYA"""
9320,ODISHA,Orissa,,Arhar/Tur,RAYAGADA,23,"""DRAVIDIAN"""
9340,ODISHA,Orissa,,Arhar/Tur,BHADRAK,23,"""ORIYA"""
9580,ODISHA,Orissa,,Arhar/Tur,GAJAPATI,23,"""ORIYA"""
9700,ODISHA,Orissa,,Arhar/Tur,SAMBALPUR,23,"""ORIYA"""
9900,ODISHA,Orissa,,Arhar/Tur,KANDHAMAL,23,"""ORIYA"""
10200,ODISHA,Orissa,,Arhar/Tur,JHARSUGUDA,23,"""ORIYA"""
10700,ODISHA,Orissa,,Arhar/Tur,JAJAPUR,23,"""ORIYA"""
11320,ODISHA,Orissa,,Arhar/Tur,GANJAM,23,"""ORIYA"""
11380,ODISHA,Orissa,,Arhar/Tur,NAYAGARH,23,"""ORIYA"""
11620,ODISHA,Orissa,,Arhar/Tur,CUTTACK,23,"""ORIYA"""
11780,ODISHA,Orissa,,Arhar/Tur,SONEPUR,23,"""ORIYA"""
11940,ODISHA,Orissa,,Arhar/Tur,MALKANGIRI,23,"""ORIYA"""
12020,ODISHA,Orissa,,Arhar/Tur,PURI,23,"""ORIYA"""
12820,ODISHA,Orissa,,Arhar/Tur,DHENKANAL,23,"""ORIYA"""
13060,ODISHA,Orissa,,Arhar/Tur,DEOGARH,23,"""ORIYA"""
13080,ODISHA,Orissa,,Arhar/Tur,KENDRAPARA,23,"""ORIYA"""
13780,ODISHA,Orissa,,Arhar/Tur,BALESHWAR,23,"""ORIYA"""
3320,PUDUCHERRY,,,Arhar/Tur,PONDICHERRY,24,"""NA"""
9620,PUDUCHERRY,,,Arhar/Tur,KARAIKAL,24,"""NA"""
11060,PUDUCHERRY,,,Arhar/Tur,MAHE,24,"""NA"""
12600,PUDUCHERRY,,,Arhar/Tur,YANAM,24,"""NA"""
0,PUNJAB,Punjab,,Arhar/Tur,FAZILKA,5,"""PUNJABI"""
80,PUNJAB,Punjab,,Arhar/Tur,KAPURTHALA,5,"""PUNJABI"""
2440,PUNJAB,Punjab,,Arhar/Tur,BATHINDA,5,"""PUNJABI"""
2620,PUNJAB,Punjab,,Arhar/Tur,FARIDKOT,5,"""PUNJABI"""
3920,PUNJAB,Punjab,,Arhar/Tur,SANGRUR,5,"""PUNJABI"""
3960,PUNJAB,Punjab,,Arhar/Tur,PATHANKOT,5,"""PUNJABI"""
5340,PUNJAB,Punjab,,Arhar/Tur,FATEHGARH SAHIB,5,"""PUNJABI"""
5440,PUNJAB,Punjab,,Arhar/Tur,GURDASPUR,5,"""PUNJABI"""
6580,PUNJAB,Punjab,,Arhar/Tur,LUDHIANA,5,"""PUNJABI"""
6880,PUNJAB,Punjab,,Arhar/Tur,PATIALA,5,"""PUNJABI"""
7140,PUNJAB,Punjab,,Arhar/Tur,RUPNAGAR,5,"""PUNJABI"""
8200,PUNJAB,Punjab,,Arhar/Tur,HOSHIARPUR,5,"""PUNJABI"""
8560,PUNJAB,Punjab,,Arhar/Tur,MUKTSAR,5,"""PUNJABI"""
8700,PUNJAB,Punjab,,Arhar/Tur,MANSA,5,"""PUNJABI"""
9080,PUNJAB,Punjab,,Arhar/Tur,S NAGAR,5,"""PUNJABI"""
9200,PUNJAB,Punjab,,Arhar/Tur,TARN TARAN,5,"""PUNJABI"""
9440,PUNJAB,Punjab,,Arhar/Tur,AMRITSAR,5,"""PUNJABI"""
10480,PUNJAB,Punjab,,Arhar/Tur,FIROZEPUR,5,"""PUNJABI"""
10660,PUNJAB,Punjab,,Arhar/Tur,SHAHID BHAGAT SINGH NAGAR,5,"""PUNJABI"""
10860,PUNJAB,Punjab,,Arhar/Tur,JALANDHAR,5,"""PUNJABI"""
12000,PUNJAB,Punjab,,Arhar/Tur,MOGA,5,"""PUNJABI"""
12700,PUNJAB,Punjab,,Arhar/Tur,BARNALA,5,"""PUNJABI"""
,Punjab,Punjab,,Arhar/Tur,Chiniot,51,"""NA"""
,Punjab,Punjab,,Arhar/Tur,Lahore,51,"""NA"""
,Punjab,Punjab,,Arhar/Tur,Bhakkar,51,"""NA"""
,Punjab,Punjab,,Arhar/Tur,Gujrat,51,"""NA"""
,Punjab,Punjab,,Arhar/Tur,Mandi Bahauddin,51,"""NA"""
,Punjab,Punjab,,Arhar/Tur,Hafizabad,51,"""NA"""
,Punjab,Punjab,,Arhar/Tur,Khushab,51,"""NA"""
,Punjab,Punjab,,Arhar/Tur,Attock,51,"""NA"""
,Punjab,Punjab,,Arhar/Tur,Jhang,51,"""NA"""
,Punjab,Punjab,,Arhar/Tur,Bahawalnagar,51,"""NA"""
,Punjab,Punjab,,Arhar/Tur,Bahawalpur,51,"""NA"""
,Punjab,Punjab,,Arhar/Tur,Chakwal,51,"""NA"""
,Punjab,Punjab,,Arhar/Tur,Dera Ghazi Khan,51,"""NA"""
,Punjab,Punjab,,Arhar/Tur,Faisalabad,51,"""NA"""
,Punjab,Punjab,,Arhar/Tur,Gujranwala,51,"""NA"""
,Punjab,Punjab,,Arhar/Tur,Jhelum,51,"""NA"""
,Punjab,Punjab,,Arhar/Tur,Kasur,51,"""NA"""
,Punjab,Punjab,,Arhar/Tur,Khanewal,51,"""NA"""
,Punjab,Punjab,,Arhar/Tur,Layyah,51,"""NA"""
,Punjab,Punjab,,Arhar/Tur,Lodhran,51,"""NA"""
,Punjab,Punjab,,Arhar/Tur,Mianwali,51,"""NA"""
,Punjab,Punjab,,Arhar/Tur,Multan,51,"""NA"""
,Punjab,Punjab,,Arhar/Tur,Muzaffargarh,51,"""NA"""
,Punjab,Punjab,,Arhar/Tur,Nankana Sahib,51,"""NA"""
,Punjab,Punjab,,Arhar/Tur,Narowal,51,"""NA"""
,Punjab,Punjab,,Arhar/Tur,Okara,51,"""NA"""
,Punjab,Punjab,,Arhar/Tur,Pakpattan,51,"""NA"""
,Punjab,Punjab,,Arhar/Tur,Rahim Yar Khan,51,"""NA"""
,Punjab,Punjab,,Arhar/Tur,Rajanpur,51,"""NA"""
,Punjab,Punjab,,Arhar/Tur,Rawalpindi,51,"""NA"""
,Punjab,Punjab,,Arhar/Tur,Sahiwal,51,"""NA"""
,Punjab,Punjab,,Arhar/Tur,Sargodha,51,"""NA"""
,Punjab,Punjab,,Arhar/Tur,Sheikhupura,51,"""NA"""
,Punjab,Punjab,,Arhar/Tur,Sialkot,51,"""NA"""
,Punjab,Punjab,,Arhar/Tur,Toba Tek Singh,51,"""NA"""
,Punjab,Punjab,,Arhar/Tur,Vehari,51,"""NA"""
700,RAJASTHAN,East Rajasthan,,Arhar/Tur,AJMER,25,"""MARWARI"""
1100,RAJASTHAN,East Rajasthan,,Arhar/Tur,KARAULI,25,"""MARWARI"""
1560,RAJASTHAN,East Rajasthan,,Arhar/Tur,SAWAI MADHOPUR,25,"""MARWARI"""
1620,RAJASTHAN,East Rajasthan,,Arhar/Tur,CHURU,25,"""MARWARI"""
1780,RAJASTHAN,East Rajasthan,,Arhar/Tur,SIROHI,25,"""SIROHI"""
2680,RAJASTHAN,East Rajasthan,,Arhar/Tur,JALORE,25,"""GODWARI"""
3100,RAJASTHAN,East Rajasthan,,Arhar/Tur,KOTA,25,"""MARWARI"""
3180,RAJASTHAN,East Rajasthan,,Arhar/Tur,PRATAPGARH,25,"""MEWARI"""
3220,RAJASTHAN,East Rajasthan,,Arhar/Tur,ALWAR,25,"""MARWARI"""
3500,RAJASTHAN,East Rajasthan,,Arhar/Tur,GANGANAGAR,25,"""MARWARI"""
4240,RAJASTHAN,East Rajasthan,,Arhar/Tur,BANSWARA,25,"""VAGDI"""
4840,RAJASTHAN,East Rajasthan,,Arhar/Tur,BHILWARA,25,"""MARWARI"""
4940,RAJASTHAN,East Rajasthan,,Arhar/Tur,JHUNJHUNU,25,"""MARWARI"""
5480,RAJASTHAN,East Rajasthan,,Arhar/Tur,JAIPUR,25,"""MARWARI"""
5560,RAJASTHAN,East Rajasthan,,Arhar/Tur,CHITTORGARH,25,"""MEWARI"""
5960,RAJASTHAN,East Rajasthan,,Arhar/Tur,DAUSA,25,"""MARWARI"""
6740,RAJASTHAN,East Rajasthan,,Arhar/Tur,PALI,25,"""MARWARI"""
7260,RAJASTHAN,East Rajasthan,,Arhar/Tur,TONK,25,"""MARWARI"""
8180,RAJASTHAN,East Rajasthan,,Arhar/Tur,DUNGARPUR,25,"""VAGDI"""
9600,RAJASTHAN,East Rajasthan,,Arhar/Tur,SIKAR,25,"""MARWARI"""
10300,RAJASTHAN,East Rajasthan,,Arhar/Tur,BHARATPUR,25,"""MARWARI"""
10360,RAJASTHAN,East Rajasthan,,Arhar/Tur,DHOLPUR,25,"""MARWARI"""
10880,RAJASTHAN,East Rajasthan,,Arhar/Tur,RAJSAMAND,25,"""MEWARI"""
11360,RAJASTHAN,East Rajasthan,,Arhar/Tur,BUNDI,25,"""MARWARI"""
11760,RAJASTHAN,East Rajasthan,,Arhar/Tur,NAGAUR,25,"""MARWARI"""
12140,RAJASTHAN,East Rajasthan,,Arhar/Tur,HANUMANGARH,25,"""MARWARI"""
12340,RAJASTHAN,East Rajasthan,,Arhar/Tur,BARAN,25,"""MARWARI"""
13320,RAJASTHAN,East Rajasthan,,Arhar/Tur,RATLAM,25,"""VAGDI"""
13500,RAJASTHAN,East Rajasthan,,Arhar/Tur,UDAIPUR,25,"""MEWARI"""
13720,RAJASTHAN,East Rajasthan,,Arhar/Tur,JHALAWAR,25,"""MARWARI"""
7540,RAJASTHAN,West Rajasthan,,Arhar/Tur,BARMER,25,"""MARWARI"""
7700,RAJASTHAN,West Rajasthan,,Arhar/Tur,JAISALMER,25,"""MARWARI"""
10600,RAJASTHAN,West Rajasthan,,Arhar/Tur,JODHPUR,25,"""MARWARI"""
11900,RAJASTHAN,West Rajasthan,,Arhar/Tur,BIKANER,25,"""MARWARI"""
2840,SIKKIM,Sub Himalayan West Bengal & Sikkim,,Arhar/Tur,WEST DISTRICT,26,"""MARWARI"""
7480,SIKKIM,Sub Himalayan West Bengal & Sikkim,,Arhar/Tur,NORTH DISTRICT,26,"""MARWARI"""
8860,SIKKIM,Sub Himalayan West Bengal & Sikkim,,Arhar/Tur,SOUTH DISTRICT,26,"""MARWARI"""
10840,SIKKIM,Sub Himalayan West Bengal & Sikkim,,Arhar/Tur,EAST DISTRICT,26,"""MARWARI"""
,Sindh,Sindh,,Arhar/Tur,Shikarpur,50,"""SINDHI"""
,Sindh,Sindh,,Arhar/Tur,Badin,50,"""SINDHI"""
,Sindh,Sindh,,Arhar/Tur,Dadu,50,"""SINDHI"""
,Sindh,Sindh,,Arhar/Tur,Ghotki,50,"""SINDHI"""
,Sindh,Sindh,,Arhar/Tur,Hyderabad,50,"""SINDHI"""
,Sindh,Sindh,,Arhar/Tur,Jacobabad,50,"""SINDHI"""
,Sindh,Sindh,,Arhar/Tur,Mirpurkhas,50,"""SINDHI"""
,Sindh,Sindh,,Arhar/Tur,Jamshoro,50,"""SINDHI"""
,Sindh,Sindh,,Arhar/Tur,Kambar-Shahdadkot,50,"""SINDHI"""
,Sindh,Sindh,,Arhar/Tur,Karachi,50,"""SINDHI"""
,Sindh,Sindh,,Arhar/Tur,Kashmore,50,"""SINDHI"""
,Sindh,Sindh,,Arhar/Tur,Khairpur,50,"""SINDHI"""
,Sindh,Sindh,,Arhar/Tur,Larkana,50,"""SINDHI"""
,Sindh,Sindh,,Arhar/Tur,Matiari,50,"""SINDHI"""
,Sindh,Sindh,,Arhar/Tur,Naushehro Feroze,50,"""SINDHI"""
,Sindh,Sindh,,Arhar/Tur,Sanghar,50,"""SINDHI"""
,Sindh,Sindh,,Arhar/Tur,Shaheed Benazirabad,50,"""SINDHI"""
,Sindh,Sindh,,Arhar/Tur,Sukkur,50,"""SINDHI"""
,Sindh,Sindh,,Arhar/Tur,Tando Allah Yar,50,"""SINDHI"""
,Sindh,Sindh,,Arhar/Tur,Tando Muhammad Khan,50,"""SINDHI"""
,Sindh,Sindh,,Arhar/Tur,Tharparkar,50,"""SINDHI"""
,Sindh,Sindh,,Arhar/Tur,Thatta,50,"""SINDHI"""
,Sindh,Sindh,,Arhar/Tur,Sajawal,50,"""SINDHI"""
,Sindh,Sindh,,Arhar/Tur,Umerkot,50,"""SINDHI"""
40,TAMIL NADU,Tamil Nadu,,Arhar/Tur,KANNIYAKUMARI,27,"""DRAVIDIAN"""
1040,TAMIL NADU,Tamil Nadu,,Arhar/Tur,THIRUVARUR,27,"""DRAVIDIAN"""
1320,TAMIL NADU,Tamil Nadu,,Arhar/Tur,PERAMBALUR,27,"""DRAVIDIAN"""
1840,TAMIL NADU,Tamil Nadu,,Arhar/Tur,DINDIGUL,27,"""DRAVIDIAN"""
2340,TAMIL NADU,Tamil Nadu,,Arhar/Tur,THANJAVUR,27,"""DRAVIDIAN"""
2500,TAMIL NADU,Tamil Nadu,,Arhar/Tur,KARUR,27,"""DRAVIDIAN"""
3460,TAMIL NADU,Tamil Nadu,,Arhar/Tur,THIRUVALLUR,27,"""DRAVIDIAN"""
4000,TAMIL NADU,Tamil Nadu,,Arhar/Tur,ERODE,27,"""DRAVIDIAN"""
4440,TAMIL NADU,Tamil Nadu,,Arhar/Tur,COIMBATORE,27,"""DRAVIDIAN"""
5160,TAMIL NADU,Tamil Nadu,,Arhar/Tur,PUDUKKOTTAI,27,"""DRAVIDIAN"""
5180,TAMIL NADU,Tamil Nadu,,Arhar/Tur,NAGAPATTINAM,27,"""DRAVIDIAN"""
6460,TAMIL NADU,Tamil Nadu,,Arhar/Tur,MADURAI,27,"""DRAVIDIAN"""
6800,TAMIL NADU,Tamil Nadu,,Arhar/Tur,TIRUCHIRAPPALLI,27,"""DRAVIDIAN"""
7180,TAMIL NADU,Tamil Nadu,,Arhar/Tur,CUDDALORE,27,"""DRAVIDIAN"""
7600,TAMIL NADU,Tamil Nadu,,Arhar/Tur,SIVAGANGA,27,"""DRAVIDIAN"""
7760,TAMIL NADU,Tamil Nadu,,Arhar/Tur,THE NILGIRIS,27,"""DRAVIDIAN"""
7860,TAMIL NADU,Tamil Nadu,,Arhar/Tur,TIRUNELVELI,27,"""DRAVIDIAN"""
8320,TAMIL NADU,Tamil Nadu,,Arhar/Tur,TUTICORIN,27,"""DRAVIDIAN"""
8600,TAMIL NADU,Tamil Nadu,,Arhar/Tur,KANCHIPURAM,27,"""DRAVIDIAN"""
8940,TAMIL NADU,Tamil Nadu,,Arhar/Tur,TIRUVANNAMALAI,27,"""DRAVIDIAN"""
11420,TAMIL NADU,Tamil Nadu,,Arhar/Tur,KRISHNAGIRI,27,"""DRAVIDIAN"""
11440,TAMIL NADU,Tamil Nadu,,Arhar/Tur,VIRUDHUNAGAR,27,"""DRAVIDIAN"""
11480,TAMIL NADU,Tamil Nadu,,Arhar/Tur,TIRUPPUR,27,"""DRAVIDIAN"""
11960,TAMIL NADU,Tamil Nadu,,Arhar/Tur,THENI,27,"""DRAVIDIAN"""
12060,TAMIL NADU,Tamil Nadu,,Arhar/Tur,NAMAKKAL,27,"""DRAVIDIAN"""
12360,TAMIL NADU,Tamil Nadu,,Arhar/Tur,VILLUPURAM,27,"""DRAVIDIAN"""
12760,TAMIL NADU,Tamil Nadu,,Arhar/Tur,RAMANATHAPURAM,27,"""DRAVIDIAN"""
12800,TAMIL NADU,Tamil Nadu,,Arhar/Tur,DHARMAPURI,27,"""DRAVIDIAN"""
13180,TAMIL NADU,Tamil Nadu,,Arhar/Tur,ARIYALUR,27,"""DRAVIDIAN"""
13300,TAMIL NADU,Tamil Nadu,,Arhar/Tur,VELLORE,27,"""DRAVIDIAN"""
13440,TAMIL NADU,Tamil Nadu,,Arhar/Tur,SALEM,27,"""DRAVIDIAN"""
,TAMIL NADU,TAMIL NADU,,Arhar/Tur,TIRUPATHUR,27,"""DRAVIDIAN"""
,TAMIL NADU,TAMIL NADU,,Arhar/Tur,RANIPET,27,"""DRAVIDIAN"""
,TAMIL NADU,TAMIL NADU,,Arhar/Tur,CHENNAI,27,"""DRAVIDIAN"""
,TAMIL NADU,TAMIL NADU,,Arhar/Tur,KALLAKURICHI,27,"""DRAVIDIAN"""
,TAMIL NADU,TAMIL NADU,,Arhar/Tur,TENKASI,27,"""DRAVIDIAN"""
100,TELANGANA,Telangana,,Arhar/Tur,NAGARKURNOOL,28,"""DRAVIDIAN"""
900,TELANGANA,Telangana,,Arhar/Tur,KHAMMAM,28,"""DRAVIDIAN"""
1160,TELANGANA,Telangana,,Arhar/Tur,NIZAMABAD,28,"""DRAVIDIAN"""
1480,TELANGANA,Telangana,,Arhar/Tur,RANGAREDDI,28,"""DRAVIDIAN"""
1500,TELANGANA,Telangana,,Arhar/Tur,WANAPARTHY,28,"""DRAVIDIAN"""
2420,TELANGANA,Telangana,,Arhar/Tur,HANUMAKONDA,28,"""DRAVIDIAN"""
2600,TELANGANA,Telangana,,Arhar/Tur,JAGITIAL,28,"""DRAVIDIAN"""
2660,TELANGANA,Telangana,,Arhar/Tur,KOMARAM BHEEM ASIFABAD,28,"""DRAVIDIAN"""
3120,TELANGANA,Telangana,,Arhar/Tur,JOGULAMBA,28,"""DRAVIDIAN"""
3380,TELANGANA,Telangana,,Arhar/Tur,VIKARABAD,28,"""DRAVIDIAN"""
3760,TELANGANA,Telangana,,Arhar/Tur,KARIMNAGAR,28,"""DRAVIDIAN"""
3940,TELANGANA,Telangana,,Arhar/Tur,WARANGAL,28,"""DRAVIDIAN"""
3980,TELANGANA,Telangana,,Arhar/Tur,MAHABUBABAD,28,"""DRAVIDIAN"""
5140,TELANGANA,Telangana,,Arhar/Tur,MANCHERIAL,28,"""DRAVIDIAN"""
5500,TELANGANA,Telangana,,Arhar/Tur,HYDERABAD,28,"""DRAVIDIAN"""
5600,TELANGANA,Telangana,,Arhar/Tur,MEDAK,28,"""DRAVIDIAN"""
5620,TELANGANA,Telangana,,Arhar/Tur,SURYAPET,28,"""DRAVIDIAN"""
5880,TELANGANA,Telangana,,Arhar/Tur,NALGONDA,28,"""DRAVIDIAN"""
6060,TELANGANA,Telangana,,Arhar/Tur,JAYASHANKAR,28,"""DRAVIDIAN"""
7820,TELANGANA,Telangana,,Arhar/Tur,MAHBUBNAGAR,28,"""DRAVIDIAN"""
8100,TELANGANA,Telangana,,Arhar/Tur,JANGOAN,28,"""DRAVIDIAN"""
8720,TELANGANA,Telangana,,Arhar/Tur,YADADRI,28,"""DRAVIDIAN"""
9300,TELANGANA,Telangana,,Arhar/Tur,MEDCHAL MALKAJGIRI,28,"""DRAVIDIAN"""
9400,TELANGANA,Telangana,,Arhar/Tur,BHADRADRI,28,"""DRAVIDIAN"""
9880,TELANGANA,Telangana,,Arhar/Tur,ADILABAD,28,"""DRAVIDIAN"""
10060,TELANGANA,Telangana,,Arhar/Tur,RAJANNA,28,"""DRAVIDIAN"""
10220,TELANGANA,Telangana,,Arhar/Tur,NIRMAL,28,"""DRAVIDIAN"""
10940,TELANGANA,Telangana,,Arhar/Tur,KAMAREDDY,28,"""DRAVIDIAN"""
11120,TELANGANA,Telangana,,Arhar/Tur,SANGAREDDY,28,"""DRAVIDIAN"""
11720,TELANGANA,Telangana,,Arhar/Tur,PEDDAPALLI,28,"""DRAVIDIAN"""
13560,TELANGANA,Telangana,,Arhar/Tur,SIDDIPET,28,"""DRAVIDIAN"""
,TELANGANA,TELANGANA,,Arhar/Tur,MULUGU,28,"""DRAVIDIAN"""
,TELANGANA,TELANGANA,,Arhar/Tur,NARAYANAPET,28,"""DRAVIDIAN"""
3160,TRIPURA,Naga Mani Mizo Tripura,,Arhar/Tur,DHALAI,29,"""MARWARI"""
4920,TRIPURA,Naga Mani Mizo Tripura,,Arhar/Tur,GOMATI,29,"""MARWARI"""
6760,TRIPURA,Naga Mani Mizo Tripura,,Arhar/Tur,KHOWAI,29,"""MARWARI"""
8620,TRIPURA,Naga Mani Mizo Tripura,,Arhar/Tur,WEST TRIPURA,29,"""MARWARI"""
8980,TRIPURA,Naga Mani Mizo Tripura,,Arhar/Tur,SOUTH TRIPURA,29,"""MARWARI"""
9060,TRIPURA,Naga Mani Mizo Tripura,,Arhar/Tur,UNAKOTI,29,"""MARWARI"""
10520,TRIPURA,Naga Mani Mizo Tripura,,Arhar/Tur,NORTH TRIPURA,29,"""MARWARI"""
12200,TRIPURA,Naga Mani Mizo Tripura,,Arhar/Tur,SEPAHIJALA,29,"""MARWARI"""
780,UTTAR PRADESH,East Uttar Pradesh,,Arhar/Tur,ALLAHABAD,30,"""MARWARI"""
920,UTTAR PRADESH,East Uttar Pradesh,,Arhar/Tur,GORAKHPUR,30,"""MARWARI"""
1420,UTTAR PRADESH,East Uttar Pradesh,,Arhar/Tur,KUSHI NAGAR,30,"""BHOJPURI"""
1460,UTTAR PRADESH,East Uttar Pradesh,,Arhar/Tur,BAHRAICH,30,"""MARWARI"""
2140,UTTAR PRADESH,East Uttar Pradesh,,Arhar/Tur,CHITRAKOOT,30,"""MARWARI"""
2880,UTTAR PRADESH,East Uttar Pradesh,,Arhar/Tur,MIRZAPUR,30,"""MARWARI"""
3260,UTTAR PRADESH,East Uttar Pradesh,,Arhar/Tur,SANT KABEER NAGAR,30,"""MARWARI"""
3420,UTTAR PRADESH,East Uttar Pradesh,,Arhar/Tur,MAHARAJGANJ,30,"""MARWARI"""
3700,UTTAR PRADESH,East Uttar Pradesh,,Arhar/Tur,DEORIA,30,"""BHOJPURI"""
4720,UTTAR PRADESH,East Uttar Pradesh,,Arhar/Tur,PRATAPGADH,30,"""MARWARI"""
6180,UTTAR PRADESH,East Uttar Pradesh,,Arhar/Tur,CHANDAULI,30,"""BHOJPURI"""
6440,UTTAR PRADESH,East Uttar Pradesh,,Arhar/Tur,AMBEDKAR NAGAR,30,"""MARWARI"""
7100,UTTAR PRADESH,East Uttar Pradesh,,Arhar/Tur,JAUNPUR,30,"""MARWARI"""
7380,UTTAR PRADESH,East Uttar Pradesh,,Arhar/Tur,GHAZIPUR,30,"""BHOJPURI"""
8420,UTTAR PRADESH,East Uttar Pradesh,,Arhar/Tur,BASTI,30,"""MARWARI"""
9040,UTTAR PRADESH,East Uttar Pradesh,,Arhar/Tur,SULTANPUR,30,"""MARWARI"""
9360,UTTAR PRADESH,East Uttar Pradesh,,Arhar/Tur,BALLIA,30,"""BHOJPURI"""
9680,UTTAR PRADESH,East Uttar Pradesh,,Arhar/Tur,GONDA,30,"""MARWARI"""
10280,UTTAR PRADESH,East Uttar Pradesh,,Arhar/Tur,AZAMGARH,30,"""MARWARI"""
11260,UTTAR PRADESH,East Uttar Pradesh,,Arhar/Tur,SONBHADRA,30,"""BHOJPURI"""
12220,UTTAR PRADESH,East Uttar Pradesh,,Arhar/Tur,SIDDHARTH NAGAR,30,"""MARWARI"""
13160,UTTAR PRADESH,East Uttar Pradesh,,Arhar/Tur,VARANASI,30,"""BHOJPURI"""
13240,UTTAR PRADESH,East Uttar Pradesh,,Arhar/Tur,MAU,30,"""BHOJPURI"""
13420,UTTAR PRADESH,East Uttar Pradesh,,Arhar/Tur,SANT RAVIDAS NAGAR,30,"""MARWARI"""
120,UTTAR PRADESH,West Uttar Pradesh,,Arhar/Tur,KANPUR DEHAT,30,"""MARWARI"""
260,UTTAR PRADESH,West Uttar Pradesh,,Arhar/Tur,FATEHPUR,30,"""MARWARI"""
580,UTTAR PRADESH,West Uttar Pradesh,,Arhar/Tur,BAREILLY,30,"""MARWARI"""
1180,UTTAR PRADESH,West Uttar Pradesh,,Arhar/Tur,BUDAUN,30,"""MARWARI"""
1900,UTTAR PRADESH,West Uttar Pradesh,,Arhar/Tur,SHAMLI,30,"""MARWARI"""
2060,UTTAR PRADESH,West Uttar Pradesh,,Arhar/Tur,LUCKNOW,30,"""MARWARI"""
2320,UTTAR PRADESH,West Uttar Pradesh,,Arhar/Tur,GHAZIABAD,30,"""BHOJPURI"""
2720,UTTAR PRADESH,West Uttar Pradesh,,Arhar/Tur,KAUSHAMBI,30,"""MARWARI"""
2740,UTTAR PRADESH,West Uttar Pradesh,,Arhar/Tur,UNNAO,30,"""MARWARI"""
2800,UTTAR PRADESH,West Uttar Pradesh,,Arhar/Tur,BANDA,30,"""MARWARI"""
2900,UTTAR PRADESH,West Uttar Pradesh,,Arhar/Tur,BAGHPAT,30,"""MARWARI"""
2960,UTTAR PRADESH,West Uttar Pradesh,,Arhar/Tur,RAMPUR,30,"""MARWARI"""
3720,UTTAR PRADESH,West Uttar Pradesh,,Arhar/Tur,ETAWAH,30,"""MARWARI"""
3780,UTTAR PRADESH,West Uttar Pradesh,,Arhar/Tur,KANPUR NAGAR,30,"""MARWARI"""
4100,UTTAR PRADESH,West Uttar Pradesh,,Arhar/Tur,AURAIYA,30,"""MARWARI"""
4560,UTTAR PRADESH,West Uttar Pradesh,,Arhar/Tur,JHANSI,30,"""BUNDELI"""
4760,UTTAR PRADESH,West Uttar Pradesh,,Arhar/Tur,SHAHJAHANPUR,30,"""MARWARI"""
4780,UTTAR PRADESH,West Uttar Pradesh,,Arhar/Tur,AGRA,30,"""MARWARI"""
4880,UTTAR PRADESH,West Uttar Pradesh,,Arhar/Tur,BARABANKI,30,"""MARWARI"""
5040,UTTAR PRADESH,West Uttar Pradesh,,Arhar/Tur,LALITPUR,30,"""BUNDELI"""
5460,UTTAR PRADESH,West Uttar Pradesh,,Arhar/Tur,MATHURA,30,"""MARWARI"""
5840,UTTAR PRADESH,West Uttar Pradesh,,Arhar/Tur,HAMIRPURA,30,"""MARWARI"""
6280,UTTAR PRADESH,West Uttar Pradesh,,Arhar/Tur,MUZAFFARNAGAR,30,"""MARWARI"""
6380,UTTAR PRADESH,West Uttar Pradesh,,Arhar/Tur,MAHOBA,30,"""MARWARI"""
6500,UTTAR PRADESH,West Uttar Pradesh,,Arhar/Tur,AYODHYA,30,"""MARWARI"""
6640,UTTAR PRADESH,West Uttar Pradesh,,Arhar/Tur,SAHARANPUR,30,"""MARWARI"""
7340,UTTAR PRADESH,West Uttar Pradesh,,Arhar/Tur,AMROHA,30,"""MARWARI"""
7880,UTTAR PRADESH,West Uttar Pradesh,,Arhar/Tur,JALAUN,30,"""MARWARI"""
7920,UTTAR PRADESH,West Uttar Pradesh,,Arhar/Tur,MORADABAD,30,"""MARWARI"""
8120,UTTAR PRADESH,West Uttar Pradesh,,Arhar/Tur,SITAPUR,30,"""MARWARI"""
8340,UTTAR PRADESH,West Uttar Pradesh,,Arhar/Tur,ALIGARH,30,"""MARWARI"""
9220,UTTAR PRADESH,West Uttar Pradesh,,Arhar/Tur,HATHRAS,30,"""MARWARI"""
9380,UTTAR PRADESH,West Uttar Pradesh,,Arhar/Tur,MEERUT,30,"""MARWARI"""
9560,UTTAR PRADESH,West Uttar Pradesh,,Arhar/Tur,BULANDSHAHR,30,"""MARWARI"""
9800,UTTAR PRADESH,West Uttar Pradesh,,Arhar/Tur,AMETHI,30,"""MARWARI"""
10100,UTTAR PRADESH,West Uttar Pradesh,,Arhar/Tur,PILIBHIT,30,"""MARWARI"""
10420,UTTAR PRADESH,West Uttar Pradesh,,Arhar/Tur,BIJNOR,30,"""MARWARI"""
11000,UTTAR PRADESH,West Uttar Pradesh,,Arhar/Tur,HARDOI,30,"""MARWARI"""
11080,UTTAR PRADESH,West Uttar Pradesh,,Arhar/Tur,RAE BARELI,30,"""MARWARI"""
11200,UTTAR PRADESH,West Uttar Pradesh,,Arhar/Tur,GAUTAM BUDDHA NAGAR,30,"""MARWARI"""
11580,UTTAR PRADESH,West Uttar Pradesh,,Arhar/Tur,FARRUKHABAD,30,"""MARWARI"""
11640,UTTAR PRADESH,West Uttar Pradesh,,Arhar/Tur,FIROZABAD,30,"""MARWARI"""
11820,UTTAR PRADESH,West Uttar Pradesh,,Arhar/Tur,BALRAMPURA,30,"""MARWARI"""
11880,UTTAR PRADESH,West Uttar Pradesh,,Arhar/Tur,SHRAVASTI,30,"""MARWARI"""
12420,UTTAR PRADESH,West Uttar Pradesh,,Arhar/Tur,HAPUR,30,"""MARWARI"""
12540,UTTAR PRADESH,West Uttar Pradesh,,Arhar/Tur,KHERI,30,"""MARWARI"""
12840,UTTAR PRADESH,West Uttar Pradesh,,Arhar/Tur,MAINPURI,30,"""MARWARI"""
12940,UTTAR PRADESH,West Uttar Pradesh,,Arhar/Tur,SAMBHAL,30,"""MARWARI"""
13040,UTTAR PRADESH,West Uttar Pradesh,,Arhar/Tur,KASGANJ,30,"""MARWARI"""
13460,UTTAR PRADESH,West Uttar Pradesh,,Arhar/Tur,KANNAUJ,30,"""MARWARI"""
13540,UTTAR PRADESH,West Uttar Pradesh,,Arhar/Tur,ETAH,30,"""MARWARI"""
300,UTTARAKHAND,Uttarakhand,,Arhar/Tur,DEHRADUN,31,"""MARWARI"""
3040,UTTARAKHAND,Uttarakhand,,Arhar/Tur,PITHORAGARH,31,"""MARWARI"""
3740,UTTARAKHAND,Uttarakhand,,Arhar/Tur,HARIDWAR,31,"""MARWARI"""
4700,UTTARAKHAND,Uttarakhand,,Arhar/Tur,CHAMOLI,31,"""MARWARI"""
6420,UTTARAKHAND,Uttarakhand,,Arhar/Tur,UDAM SINGH NAGAR,31,"""MARWARI"""
6680,UTTARAKHAND,Uttarakhand,,Arhar/Tur,UTTAR KASHI,31,"""MARWARI"""
7520,UTTARAKHAND,Uttarakhand,,Arhar/Tur,RUDRA PRAYAG,31,"""MARWARI"""
8480,UTTARAKHAND,Uttarakhand,,Arhar/Tur,PAURI GARHWAL,31,"""MARWARI"""
8680,UTTARAKHAND,Uttarakhand,,Arhar/Tur,CHAMPAWAT,31,"""MARWARI"""
9100,UTTARAKHAND,Uttarakhand,,Arhar/Tur,ALMORA,31,"""MARWARI"""
11300,UTTARAKHAND,Uttarakhand,,Arhar/Tur,NAINITAL,31,"""MARWARI"""
11920,UTTARAKHAND,Uttarakhand,,Arhar/Tur,TEHRI GARHWAL,31,"""MARWARI"""
12880,UTTARAKHAND,Uttarakhand,,Arhar/Tur,BAGESHWAR,31,"""MARWARI"""
460,WEST BENGAL,Gangetic West Bengal,,Arhar/Tur,NADIA,32,"""BENGALI"""
1760,WEST BENGAL,Gangetic West Bengal,,Arhar/Tur,BIRBHUM,32,"""BENGALI"""
1820,WEST BENGAL,Gangetic West Bengal,,Arhar/Tur,HOWRAH,32,"""BENGALI"""
2480,WEST BENGAL,Gangetic West Bengal,,Arhar/Tur,DINAJPUR DAKSHIN,32,"""BENGALI"""
2760,WEST BENGAL,Gangetic West Bengal,,Arhar/Tur,PURULIA,32,"""BENGALI"""
2780,WEST BENGAL,Gangetic West Bengal,,Arhar/Tur,PASCHIM BARDHAMAN,32,"""BENGALI"""
4040,WEST BENGAL,Gangetic West Bengal,,Arhar/Tur,MEDINIPUR EAST,32,"""BENGALI"""
5120,WEST BENGAL,Gangetic West Bengal,,Arhar/Tur,BANKURA,32,"""BENGALI"""
5940,WEST BENGAL,Gangetic West Bengal,,Arhar/Tur,JHARGRAM,32,"""BENGALI"""
6300,WEST BENGAL,Gangetic West Bengal,,Arhar/Tur,MEDINIPUR WEST,32,"""BENGALI"""
6520,WEST BENGAL,Gangetic West Bengal,,Arhar/Tur,MALDAH,32,"""BENGALI"""
7640,WEST BENGAL,Gangetic West Bengal,,Arhar/Tur,PURBA BARDHAMAN,32,"""BENGALI"""
8540,WEST BENGAL,Gangetic West Bengal,,Arhar/Tur,MURSHIDABAD,32,"""BENGALI"""
11180,WEST BENGAL,Gangetic West Bengal,,Arhar/Tur,HOOGHLY,32,"""BENGALI"""
12160,WEST BENGAL,Gangetic West Bengal,,Arhar/Tur,PARAGANAS NORTH,32,"""BENGALI"""
12980,WEST BENGAL,Gangetic West Bengal,,Arhar/Tur,PARAGANAS SOUTH,32,"""BENGALI"""
2640,WEST BENGAL,Sub Himalayan West Bengal & Sikkim,,Arhar/Tur,COOCHBEHAR,32,"""BENGALI"""
4500,WEST BENGAL,Sub Himalayan West Bengal & Sikkim,,Arhar/Tur,DARJEELING,32,"""BENGALI"""
6540,WEST BENGAL,Sub Himalayan West Bengal & Sikkim,,Arhar/Tur,ALIPURDUAR,32,"""BENGALI"""
8300,WEST BENGAL,Sub Himalayan West Bengal & Sikkim,,Arhar/Tur,JALPAIGURI,32,"""BENGALI"""
8360,WEST BENGAL,Sub Himalayan West Bengal & Sikkim,,Arhar/Tur,KALIMPONG,32,"""BENGALI"""
8460,WEST BENGAL,Sub Himalayan West Bengal & Sikkim,,Arhar/Tur,DINAJPUR UTTAR,32,"""BENGALI"""
