STATE,REMARKS,Districts,Languages,
ANDAMAN & NICOBAR,Andaman & Nicobar Islands,NICOBARS,NO,
ANDAMAN & NICOBAR,Andaman & Nicobar Islands,NORTH AND MIDDLE ANDAMAN,NO,
ANDAMAN & NICOBAR,Andaman & Nicobar Islands,SOUTH ANDAMANS,NO,
ANDHRA PRADESH,Coastal Andhra Pradesh,EAST GODAVARI,DRAVIDIAN,
ANDHRA PRADESH,Coastal Andhra Pradesh,VISAKHAPATANAM,DRAVIDIAN,
ANDHRA PRADESH,Coastal Andhra Pradesh,VIZIANAGARAM,DRAVIDIAN,
ANDHRA PRADESH,Coastal Andhra Pradesh,WEST GODAVARI,DRAVIDIAN,
ANDHRA PRADESH,Coastal Andhra Pradesh,GUNTUR,DRAVIDIAN,
ANDHRA PRADESH,Coastal Andhra Pradesh,KRISHNA,DRAVIDIAN,
ANDHRA PRADESH,Coastal Andhra Pradesh,PRAKASAM,DRAVIDIAN,
ANDHRA PRADESH,Coastal Andhra Pradesh,SRIKAKULAM,DRAVIDIAN,
ANDHRA PRADESH,Coastal Andhra Pradesh,SPSR NELLORE,DRAVIDIAN,
ANDHRA PRADESH,Rayalseema,KADAPA,DRAVIDIAN,
ANDHRA PRADESH,Rayalseema,CHITTOOR,DRAVIDIAN,
ANDHRA PRADESH,Rayalseema,KURNOOL,DRAVIDIAN,
ANDHRA PRADESH,Rayalseema,ANANTAPUR,DRAVIDIAN,
ARUNACHAL PRADESH,Arunachal Pradesh,WEST SIANG,NO,
ARUNACHAL PRADESH,Arunachal Pradesh,LOWER SUBANSIRI,NO,
ARUNACHAL PRADESH,Arunachal Pradesh,NAMSAI,NO,
ARUNACHAL PRADESH,Arunachal Pradesh,EAST KAMENG,NO,
ARUNACHAL PRADESH,Arunachal Pradesh,LOWER DIBANG VALLEY,NO,
ARUNACHAL PRADESH,Arunachal Pradesh,TIRAP,NO,
ARUNACHAL PRADESH,Arunachal Pradesh,DIBANG VALLEY,NO,
ARUNACHAL PRADESH,Arunachal Pradesh,UPPER SIANG,NO,
ARUNACHAL PRADESH,Arunachal Pradesh,KRA DAADI,NO,
ARUNACHAL PRADESH,Arunachal Pradesh,UPPER SUBANSIRI,NO,
ARUNACHAL PRADESH,Arunachal Pradesh,KURUNG KUMEY,NO,
ARUNACHAL PRADESH,Arunachal Pradesh,LOHIT,NO,
ARUNACHAL PRADESH,Arunachal Pradesh,WEST KAMENG,NO,
ARUNACHAL PRADESH,Arunachal Pradesh,LONGDING,NO,
ARUNACHAL PRADESH,Arunachal Pradesh,PAPUM PARE,NO,
ARUNACHAL PRADESH,Arunachal Pradesh,CHANGLANG,NO,
ARUNACHAL PRADESH,Arunachal Pradesh,TAWANG,NO,
ARUNACHAL PRADESH,Arunachal Pradesh,SIANG,NO,
ARUNACHAL PRADESH,Arunachal Pradesh,ANJAW,NO,
ARUNACHAL PRADESH,Arunachal Pradesh,EAST SIANG,NO,
ASSAM,ASSAM,HOJAI,ASSAMESE,
ASSAM,ASSAM,BISWANATH,ASSAMESE,
ASSAM,ASSAM,WEST KARBI ANGLONG,ASSAMESE,
ASSAM,Assam & Meghalaya,KARBI ANGLONG,ASSAMESE,
ASSAM,Assam & Meghalaya,DIBRUGARH,ASSAMESE,
ASSAM,Assam & Meghalaya,BAKSA,ASSAMESE,
ASSAM,Assam & Meghalaya,CHIRANG,ASSAMESE,
ASSAM,Assam & Meghalaya,BARPETA,ASSAMESE,
ASSAM,Assam & Meghalaya,KARIMGANJ,BISHNUPRIYA,
ASSAM,Assam & Meghalaya,DHEMAJI,ASSAMESE,
ASSAM,Assam & Meghalaya,CACHAR,BISHNUPRIYA,
ASSAM,Assam & Meghalaya,DIMA HASAO,BISHNUPRIYA,
ASSAM,Assam & Meghalaya,SONITPUR,ASSAMESE,
ASSAM,Assam & Meghalaya,TINSUKIA,ASSAMESE,
ASSAM,Assam & Meghalaya,KOKRAJHAR,ASSAMESE,
ASSAM,Assam & Meghalaya,BONGAIGAON,ASSAMESE,
ASSAM,Assam & Meghalaya,GOALPARA,ASSAMESE,
ASSAM,Assam & Meghalaya,KAMRUP METRO,ASSAMESE,
ASSAM,Assam & Meghalaya,MARIGAON,ASSAMESE,
ASSAM,Assam & Meghalaya,KAMRUP,ASSAMESE,
ASSAM,Assam & Meghalaya,LAKHIMPUR,ASSAMESE,
ASSAM,Assam & Meghalaya,DARRANG,ASSAMESE,
ASSAM,Assam & Meghalaya,NALBARI,ASSAMESE,
ASSAM,Assam & Meghalaya,DHUBRI,ASSAMESE,
ASSAM,Assam & Meghalaya,UDALGURI,ASSAMESE,
ASSAM,Assam & Meghalaya,JORHAT,ASSAMESE,
ASSAM,Assam & Meghalaya,MAJULI,ASSAMESE,
ASSAM,Assam & Meghalaya,CHARAIDEO,ASSAMESE,
ASSAM,Assam & Meghalaya,GOLAGHAT,ASSAMESE,
ASSAM,Assam & Meghalaya,HAILAKANDI,BISHNUPRIYA,
ASSAM,Assam & Meghalaya,SIVASAGAR,ASSAMESE,
ASSAM,Assam & Meghalaya,NAGAON,ASSAMESE,
Azad Jammu & Kashmir,Azad Jammu & Kashmir,Sudhnutti,NO,
Azad Jammu & Kashmir,Azad Jammu & Kashmir,Bagh,NO,
Azad Jammu & Kashmir,Azad Jammu & Kashmir,Bhimber,NO,
Azad Jammu & Kashmir,Azad Jammu & Kashmir,Hattian,NO,
Azad Jammu & Kashmir,Azad Jammu & Kashmir,Haveli,NO,
Azad Jammu & Kashmir,Azad Jammu & Kashmir,Mirpur,NO,
Azad Jammu & Kashmir,Azad Jammu & Kashmir,Kotli,NO,
Azad Jammu & Kashmir,Azad Jammu & Kashmir,Muzaffarabad,NO,
Azad Jammu & Kashmir,Azad Jammu & Kashmir,Neelum,NO,
Azad Jammu & Kashmir,Azad Jammu & Kashmir,Poonch,NO,
Balochistan,Balochistan,Killa Abdullah,NO,
Balochistan,Balochistan,Sohbatpur,NO,
Balochistan,Balochistan,Sherani,NO,
Balochistan,Balochistan,Lehri,NO,
Balochistan,Balochistan,Awaran,NO,
Balochistan,Balochistan,Barkhan,NO,
Balochistan,Balochistan,Chaghi,NO,
Balochistan,Balochistan,Dera Bugti,NO,
Balochistan,Balochistan,Kohlu,NO,
Balochistan,Balochistan,Gwadar,NO,
Balochistan,Balochistan,Harnai,NO,
Balochistan,Balochistan,Jaffarabad,NO,
Balochistan,Balochistan,Jhal Magsi,NO,
Balochistan,Balochistan,Kachhi,NO,
Balochistan,Balochistan,Kalat,NO,
Balochistan,Balochistan,Kech,NO,
Balochistan,Balochistan,Kharan,NO,
Balochistan,Balochistan,Loralai,NO,
Balochistan,Balochistan,Khuzdar,NO,
Balochistan,Balochistan,Killa Saifullah,NO,
Balochistan,Balochistan,Lasbela,NO,
Balochistan,Balochistan,Mastung,NO,
Balochistan,Balochistan,Musakhail,NO,
Balochistan,Balochistan,Nasirabad,NO,
Balochistan,Balochistan,Nushki,NO,
Balochistan,Balochistan,Panjgur,NO,
Balochistan,Balochistan,Pishin,NO,
Balochistan,Balochistan,Quetta,NO,
Balochistan,Balochistan,Sibi,NO,
Balochistan,Balochistan,Washuk,NO,
Balochistan,Balochistan,Zhob,NO,
Balochistan,Balochistan,Ziarat,NO,
BIHAR,Bihar,MUNGER,MAGAHI,
BIHAR,Bihar,SHEIKHPURA,MAGAHI,
BIHAR,Bihar,SUPAUL,MAITHILI,
BIHAR,Bihar,PATNA,MAGAHI,
BIHAR,Bihar,PASHCHIM CHAMPARAN,BHOJPURI,
BIHAR,Bihar,SARAN,MAGAHI,
BIHAR,Bihar,SIWAN,BAJJIKA,
BIHAR,Bihar,MADHEPURA,MAITHILI,
BIHAR,Bihar,VAISHALI,MAGAHI,
BIHAR,Bihar,SITAMARHI,MAITHILI,
BIHAR,Bihar,KISHANGANJ,MAITHILI,
BIHAR,Bihar,LAKHISARAI,MAGAHI,
BIHAR,Bihar,PURBI CHAMPARAN,BAJJIKA,
BIHAR,Bihar,NALANDA,MAGAHI,
BIHAR,Bihar,ROHTAS,MAGAHI,
BIHAR,Bihar,PURNIA,MAITHILI,
BIHAR,Bihar,SAMASTIPUR,MAGAHI,
BIHAR,Bihar,SAHARSA,MAITHILI,
BIHAR,Bihar,MADHUBANI,MAITHILI,
BIHAR,Bihar,NAWADA,MAGAHI,
BIHAR,Bihar,SHEOHAR,MAITHILI,
BIHAR,Bihar,MUZAFFARPUR,MAITHILI,
BIHAR,,BEGUSARAI,MAGAHI,
BIHAR,,JAMUI,MAGAHI,
BIHAR,,KHAGARIA,MAGAHI,
BIHAR,,JEHANABAD,MAGAHI,
BIHAR,,BHOJPUR,MAGAHI,
BIHAR,,DARBHANGA,MAITHILI,
BIHAR,,BHAGALPUR,MAGAHI,
BIHAR,,GAYA,MAGAHI,
BIHAR,,GOPALGANJ,BAJJIKA,
BIHAR,,KATIHAR,MAITHILI,
BIHAR,,ARWAL,MAGAHI,
BIHAR,,BANKA,MAGAHI,
BIHAR,,KAIMUR (BHABUA),BHOJPURI,
BIHAR,,ARARIA,MAITHILI,
BIHAR,,BUXAR,MAGAHI,
BIHAR,,AURANGABADA,MAGAHI,
CHANDIGARH,Haryana Delhi & Chandigarh,CHANDIGARH,NO,
CHHATTISGARH,Chhattisgarh,SURAJPUR,CHHATTISGARHI,
CHHATTISGARH,Chhattisgarh,KOREA,CHHATTISGARHI,
CHHATTISGARH,Chhattisgarh,RAJNANDGAON,CHHATTISGARHI,
CHHATTISGARH,Chhattisgarh,KABIRDHAM,CHHATTISGARHI,
CHHATTISGARH,Chhattisgarh,GARIYABAND,BHATTI,
CHHATTISGARH,Chhattisgarh,SURGUJA,CHHATTISGARHI,
CHHATTISGARH,Chhattisgarh,MUNGELI,CHHATTISGARHI,
CHHATTISGARH,Chhattisgarh,DANTEWADA,HALBI,
CHHATTISGARH,Chhattisgarh,MAHASAMUND,CHHATTISGARHI,
CHHATTISGARH,Chhattisgarh,BASTAR,HALBI,
CHHATTISGARH,Chhattisgarh,DHAMTARI,BHATTI,
CHHATTISGARH,Chhattisgarh,RAIGARH,CHHATTISGARHI,
CHHATTISGARH,Chhattisgarh,BEMETARA,CHHATTISGARHI,
CHHATTISGARH,Chhattisgarh,SUKMA,HALBI,
CHHATTISGARH,Chhattisgarh,BALRAMPUR,CHHATTISGARHI,
CHHATTISGARH,Chhattisgarh,RAIPUR,CHHATTISGARHI,
CHHATTISGARH,Chhattisgarh,BILASPURA,CHHATTISGARHI,
CHHATTISGARH,Chhattisgarh,BALODA BAZAR,CHHATTISGARHI,
CHHATTISGARH,Chhattisgarh,BALOD,BHATTI,
CHHATTISGARH,Chhattisgarh,DURG,CHHATTISGARHI,
CHHATTISGARH,Chhattisgarh,JASHPUR,CHHATTISGARHI,
CHHATTISGARH,Chhattisgarh,NARAYANPUR,BHATTI,
CHHATTISGARH,Chhattisgarh,BIJAPUR,HALBI,
CHHATTISGARH,Chhattisgarh,KORBA,CHHATTISGARHI,
CHHATTISGARH,Chhattisgarh,JANJGIR-CHAMPA,CHHATTISGARHI,
CHHATTISGARH,Chhattisgarh,KONDAGAON,BHATTI,
CHHATTISGARH,Chhattisgarh,KANKER,BHATTI,
CHHATTISGARH,CHHATTISGARH,GAURELLA-PENDRA-MARWAHI,CHHATTISGARHI,
DADRA & NAGAR HAVELI & DAMAN & DIU,,DAMAN,NO,
DADRA & NAGAR HAVELI & DAMAN & DIU,,DADRA AND NAGAR HAVELI,NO,
DADRA & NAGAR HAVELI & DAMAN & DIU,,DIU,NO,
DELHI,Haryana Delhi & Chandigarh,DELHI_TOTAL,NO,
Federally Administered Tribal Areas,Federally Administered Tribal Areas,FR Tank,NO,
Federally Administered Tribal Areas,Federally Administered Tribal Areas,Orakzai Agency,NO,
Federally Administered Tribal Areas,Federally Administered Tribal Areas,FR Peshawar,NO,
Federally Administered Tribal Areas,Federally Administered Tribal Areas,FR DI Khan,NO,
Federally Administered Tribal Areas,Federally Administered Tribal Areas,Khyber Agency,NO,
Federally Administered Tribal Areas,Federally Administered Tribal Areas,Kurram Agency,NO,
Federally Administered Tribal Areas,Federally Administered Tribal Areas,Mohmand Agency,NO,
Federally Administered Tribal Areas,Federally Administered Tribal Areas,Bajaur Agency,NO,
Federally Administered Tribal Areas,Federally Administered Tribal Areas,FR Bannu,NO,
Federally Administered Tribal Areas,Federally Administered Tribal Areas,FR Kohat,NO,
Federally Administered Tribal Areas,Federally Administered Tribal Areas,FR Lakki Marwat,NO,
Federally Administered Tribal Areas,Federally Administered Tribal Areas,North Waziristan Agency,NO,
Federally Administered Tribal Areas,Federally Administered Tribal Areas,South Waziristan Agency,NO,
Gilgit-Baltistan,Gilgit-Baltistan,Astor,NO,
Gilgit-Baltistan,Gilgit-Baltistan,Skardu,BURUSHASKI,
Gilgit-Baltistan,Gilgit-Baltistan,Diamir,NO,
Gilgit-Baltistan,Gilgit-Baltistan,Ghanchi,BURUSHASKI,
Gilgit-Baltistan,Gilgit-Baltistan,Ghizer,KHOWAR,
Gilgit-Baltistan,Gilgit-Baltistan,Gilgit,NO,
Gilgit-Baltistan,Gilgit-Baltistan,Hunza Nagar,BURUSHASKI,
GOA,Konkan & Goa,NORTH GOA,NO,
GOA,Konkan & Goa,SOUTH GOA,NO,
GUJARAT,Gujarat Region,PATAN,GUJARATI,
GUJARAT,Gujarat Region,ARAVALLI,GUJARATI,
GUJARAT,Gujarat Region,BHARUCH,BHILI,
GUJARAT,Gujarat Region,SABAR KANTHA,GUJARATI,
GUJARAT,Gujarat Region,VADODARA,BHILI,
GUJARAT,Gujarat Region,MAHESANA,GUJARATI,
GUJARAT,Gujarat Region,PANCH MAHALS,BHILI,
GUJARAT,Gujarat Region,DANG,BHILI,
GUJARAT,Gujarat Region,ANAND,GUJARATI,
GUJARAT,Gujarat Region,NARMADA,BHILI,
GUJARAT,Gujarat Region,TAPI,BHILI,
GUJARAT,Gujarat Region,VALSAD,BHILI,
GUJARAT,Gujarat Region,MAHISAGAR,BHILI,
GUJARAT,Gujarat Region,KHEDA,GUJARATI,
GUJARAT,Gujarat Region,CHHOTAUDEPUR,BHILI,
GUJARAT,Gujarat Region,SURAT,BHILI,
GUJARAT,Gujarat Region,NAVSARI,BHILI,
GUJARAT,Gujarat Region,DOHAD,BHILI,
GUJARAT,Gujarat Region,GANDHINAGAR,GUJARATI,
GUJARAT,Gujarat Region,BANAS KANTHA,GUJARATI,
GUJARAT,Gujarat Region,AHMADABAD,GUJARATI,
GUJARAT,Saurashtra & Kutch,DEVBHUMI DWARKA,GUJARATI,
GUJARAT,Saurashtra & Kutch,BOTAD,GUJARATI,
GUJARAT,Saurashtra & Kutch,JUNAGADH,GUJARATI,
GUJARAT,Saurashtra & Kutch,SURENDRANAGAR,GUJARATI,
GUJARAT,Saurashtra & Kutch,BHAVNAGAR,GUJARATI,
GUJARAT,Saurashtra & Kutch,RAJKOT,GUJARATI,
GUJARAT,Saurashtra & Kutch,AMRELI,GUJARATI,
GUJARAT,Saurashtra & Kutch,JAMNAGAR,GUJARATI,
GUJARAT,Saurashtra & Kutch,GIR SOMNATH,GUJARATI,
GUJARAT,Saurashtra & Kutch,KACHCHH,KACHCHHI,
GUJARAT,Saurashtra & Kutch,MORBI,GUJARATI,
GUJARAT,Saurashtra & Kutch,PORBANDAR,GUJARATI,
HARYANA,Haryana Delhi & Chandigarh,SONIPAT,HARYANVI,
HARYANA,Haryana Delhi & Chandigarh,MAHENDRAGARH,HARYANVI,
HARYANA,Haryana Delhi & Chandigarh,FARIDABAD,HARYANVI,
HARYANA,Haryana Delhi & Chandigarh,KURUKSHETRA,HARYANVI,
HARYANA,Haryana Delhi & Chandigarh,AMBALA,HARYANVI,
HARYANA,Haryana Delhi & Chandigarh,PANCHKULA,HARYANVI,
HARYANA,Haryana Delhi & Chandigarh,HISAR,HARYANVI,
HARYANA,Haryana Delhi & Chandigarh,KARNAL,HARYANVI,
HARYANA,Haryana Delhi & Chandigarh,JIND,HARYANVI,
HARYANA,Haryana Delhi & Chandigarh,MEWAT,MEWATI,
HARYANA,Haryana Delhi & Chandigarh,GURGAON,HARYANVI,
HARYANA,Haryana Delhi & Chandigarh,KAITHAL,HARYANVI,
HARYANA,Haryana Delhi & Chandigarh,CHARKI DADRI,HARYANVI,
HARYANA,Haryana Delhi & Chandigarh,JHAJJAR,HARYANVI,
HARYANA,Haryana Delhi & Chandigarh,YAMUNANAGAR,HARYANVI,
HARYANA,Haryana Delhi & Chandigarh,ROHTAK,HARYANVI,
HARYANA,Haryana Delhi & Chandigarh,REWARI,HARYANVI,
HARYANA,Haryana Delhi & Chandigarh,PANIPAT,HARYANVI,
HARYANA,Haryana Delhi & Chandigarh,BHIWANI,HARYANVI,
HARYANA,Haryana Delhi & Chandigarh,PALWAL,MEWATI,
HARYANA,Haryana Delhi & Chandigarh,FATEHABAD,HARYANVI,
HARYANA,Haryana Delhi & Chandigarh,SIRSA,HARYANVI,
HIMACHAL PRADESH,Himachal Pradesh,SIRMAUR,SIRMAURI,
HIMACHAL PRADESH,Himachal Pradesh,UNA,MANDEALI,
HIMACHAL PRADESH,Himachal Pradesh,SOLAN,BAGHATI,
HIMACHAL PRADESH,Himachal Pradesh,CHAMBA,CHAMEALI AND CHURAHI,
HIMACHAL PRADESH,Himachal Pradesh,LAHUL AND SPITI,PANGWALI,
HIMACHAL PRADESH,Himachal Pradesh,KULLU,KULUI,
HIMACHAL PRADESH,Himachal Pradesh,KANGRA,KANGRI,
HIMACHAL PRADESH,Himachal Pradesh,MANDI,KIUNTHALI (MAHASUI),
HIMACHAL PRADESH,Himachal Pradesh,BILASPUR,HANDURI,
HIMACHAL PRADESH,Himachal Pradesh,KINNAUR,KOCHI AND SATLEJ GROUP,
HIMACHAL PRADESH,Himachal Pradesh,HAMIRPUR,MANDEALI,
HIMACHAL PRADESH,Himachal Pradesh,SHIMLA,JAUNSARI,
Islamabad Capital Territory,Islamabad Capital Territory,Islamabad,NO,
JAMMU AND KASHMIR,Jammu & Kashmir,GANDERBAL,NO,
JAMMU AND KASHMIR,Jammu & Kashmir,BARAMULLA,NO,
JAMMU AND KASHMIR,Jammu & Kashmir,KATHUA,NO,
JAMMU AND KASHMIR,Jammu & Kashmir,SAMBA,NO,
JAMMU AND KASHMIR,Jammu & Kashmir,KULGAM,NO,
JAMMU AND KASHMIR,Jammu & Kashmir,PULWAMA,NO,
JAMMU AND KASHMIR,Jammu & Kashmir,ANANTNAG,NO,
JAMMU AND KASHMIR,Jammu & Kashmir,BADGAM,NO,
JAMMU AND KASHMIR,Jammu & Kashmir,UDHAMPUR,NO,
JAMMU AND KASHMIR,Jammu & Kashmir,JAMMU,NO,
JAMMU AND KASHMIR,Jammu & Kashmir,REASI,NO,
JAMMU AND KASHMIR,Jammu & Kashmir,DODA,NO,
JAMMU AND KASHMIR,Jammu & Kashmir,BANDIPORA,NO,
JAMMU AND KASHMIR,Jammu & Kashmir,KUPWARA,NO,
JAMMU AND KASHMIR,Jammu & Kashmir,SHOPIAN,NO,
JAMMU AND KASHMIR,Jammu & Kashmir,KISHTWAR,NO,
JAMMU AND KASHMIR,Jammu & Kashmir,POONCH,NO,
JAMMU AND KASHMIR,Jammu & Kashmir,RAMBAN,NO,
JAMMU AND KASHMIR,Jammu & Kashmir,RAJAURI,NO,
JAMMU AND KASHMIR,Jammu & Kashmir,SRINAGAR,NO,
JHARKHAND,Jharkhand,CHATRA,MAGAHI,
JHARKHAND,Jharkhand,DUMKA,ANGIKA,
JHARKHAND,Jharkhand,JAMTARA,ANGIKA,
JHARKHAND,Jharkhand,SIMDEGA,SADANI,
JHARKHAND,Jharkhand,RAMGARH,ANGIKA,
JHARKHAND,Jharkhand,PAKUR,ANGIKA,
JHARKHAND,Jharkhand,KODERMA,MAGAHI,
JHARKHAND,Jharkhand,DEOGHAR,MAGAHI,
JHARKHAND,Jharkhand,SARAIKELA KHARSAWAN,SADANI,
JHARKHAND,Jharkhand,PALAMU,MAGAHI,
JHARKHAND,Jharkhand,HAZARIBAGH,MAGAHI,
JHARKHAND,Jharkhand,GARHWA,BHOJPURI,
JHARKHAND,Jharkhand,WEST SINGHBHUM,SADANI,
JHARKHAND,Jharkhand,GODDA,ANGIKA,
JHARKHAND,Jharkhand,LATEHAR,MAGAHI,
JHARKHAND,Jharkhand,LOHARDAGA,SADANI,
JHARKHAND,Jharkhand,GUMLA,SADANI,
JHARKHAND,Jharkhand,BOKARO,ANGIKA,
JHARKHAND,Jharkhand,EAST SINGHBUM,SADANI,
JHARKHAND,Jharkhand,RANCHI,SADANI,
JHARKHAND,Jharkhand,KHUNTI,SADANI,
JHARKHAND,Jharkhand,DHANBAD,ANGIKA,
JHARKHAND,Jharkhand,GIRIDIH,MAGAHI,
JHARKHAND,Jharkhand,SAHEBGANJ,ANGIKA,
KARNATAKA,Coastal Karnataka,UTTARA KANNADA,DRAVIDIAN,
KARNATAKA,Coastal Karnataka,UDUPI,DRAVIDIAN,
KARNATAKA,Coastal Karnataka,DAKSHINA KANNADA,DRAVIDIAN,
KARNATAKA,North Interior Karnataka,VIJAYAPURA,DRAVIDIAN,
KARNATAKA,North Interior Karnataka,BIDAR,DRAVIDIAN,
KARNATAKA,North Interior Karnataka,GADAG,DRAVIDIAN,
KARNATAKA,North Interior Karnataka,KALABURAGI,DRAVIDIAN,
KARNATAKA,North Interior Karnataka,KOPPAL,DRAVIDIAN,
KARNATAKA,North Interior Karnataka,YADAGIRI,DRAVIDIAN,
KARNATAKA,North Interior Karnataka,BALLARI,DRAVIDIAN,
KARNATAKA,North Interior Karnataka,RAICHUR,DRAVIDIAN,
KARNATAKA,North Interior Karnataka,BAGALKOTE,DRAVIDIAN,
KARNATAKA,North Interior Karnataka,DHARWAD,DRAVIDIAN,
KARNATAKA,North Interior Karnataka,BELAGAVI,DRAVIDIAN,
KARNATAKA,North Interior Karnataka,HAVERI,DRAVIDIAN,
KARNATAKA,South Interior Karnataka,CHIKKABALLAPURA,DRAVIDIAN,
KARNATAKA,South Interior Karnataka,DAVANGERE,DRAVIDIAN,
KARNATAKA,South Interior Karnataka,RAMANAGARA,DRAVIDIAN,
KARNATAKA,South Interior Karnataka,BANGALORE RURAL,DRAVIDIAN,
KARNATAKA,South Interior Karnataka,MANDYA,DRAVIDIAN,
KARNATAKA,South Interior Karnataka,MYSURU,DRAVIDIAN,
KARNATAKA,South Interior Karnataka,CHITRADURGA,DRAVIDIAN,
KARNATAKA,South Interior Karnataka,CHAMARAJANAGARA,DRAVIDIAN,
KARNATAKA,South Interior Karnataka,HASSAN,DRAVIDIAN,
KARNATAKA,South Interior Karnataka,BENGALURU URBAN,DRAVIDIAN,
KARNATAKA,South Interior Karnataka,TUMAKURU,DRAVIDIAN,
KARNATAKA,South Interior Karnataka,CHIKKAMAGALURU,DRAVIDIAN,
KARNATAKA,South Interior Karnataka,KOLAR,DRAVIDIAN,
KARNATAKA,South Interior Karnataka,SHIVAMOGGA,DRAVIDIAN,
KARNATAKA,South Interior Karnataka,KODAGU,DRAVIDIAN,
KERALA,Kerala,ALAPPUZHA,DRAVIDIAN,
KERALA,Kerala,THIRUVANANTHAPURAM,DRAVIDIAN,
KERALA,Kerala,WAYANAD,DRAVIDIAN,
KERALA,Kerala,THRISSUR,DRAVIDIAN,
KERALA,Kerala,IDUKKI,DRAVIDIAN,
KERALA,Kerala,PALAKKAD,DRAVIDIAN,
KERALA,Kerala,KOLLAM,DRAVIDIAN,
KERALA,Kerala,KANNUR,DRAVIDIAN,
KERALA,Kerala,PATHANAMTHITTA,DRAVIDIAN,
KERALA,Kerala,KASARAGOD,DRAVIDIAN,
KERALA,Kerala,MALAPPURAM,DRAVIDIAN,
KERALA,Kerala,KOTTAYAM,DRAVIDIAN,
KERALA,Kerala,ERNAKULAM,DRAVIDIAN,
KERALA,Kerala,KOZHIKODE,DRAVIDIAN,
KHYBER PAKHTUNKHWA,KHYBER PAKHTUNKHWA,BANNU,NO,
Khyber Pakhtunkhwa,Khyber Pakhtunkhwa,Hangu,NO,
Khyber Pakhtunkhwa,Khyber Pakhtunkhwa,Charsadda,NO,
Khyber Pakhtunkhwa,Khyber Pakhtunkhwa,Mardan,NO,
Khyber Pakhtunkhwa,Khyber Pakhtunkhwa,Peshawar,NO,
Khyber Pakhtunkhwa,Khyber Pakhtunkhwa,Abbottabad,NO,
Khyber Pakhtunkhwa,Khyber Pakhtunkhwa,Batagram,NO,
Khyber Pakhtunkhwa,Khyber Pakhtunkhwa,Nowshera,NO,
Khyber Pakhtunkhwa,Khyber Pakhtunkhwa,Buner,NO,
Khyber Pakhtunkhwa,Khyber Pakhtunkhwa,Chitral,KHOWAR,
Khyber Pakhtunkhwa,Khyber Pakhtunkhwa,Dera Ismail Khan,NO,
Khyber Pakhtunkhwa,Khyber Pakhtunkhwa,Haripur,NO,
Khyber Pakhtunkhwa,Khyber Pakhtunkhwa,Karak,NO,
Khyber Pakhtunkhwa,Khyber Pakhtunkhwa,Kohat,NO,
Khyber Pakhtunkhwa,Khyber Pakhtunkhwa,Kohistan,NO,
Khyber Pakhtunkhwa,Khyber Pakhtunkhwa,Lakki Marwat,NO,
Khyber Pakhtunkhwa,Khyber Pakhtunkhwa,Lower Dir,NO,
Khyber Pakhtunkhwa,Khyber Pakhtunkhwa,Malakand,NO,
Khyber Pakhtunkhwa,Khyber Pakhtunkhwa,Mansehra,NO,
Khyber Pakhtunkhwa,Khyber Pakhtunkhwa,Shangla,NO,
Khyber Pakhtunkhwa,Khyber Pakhtunkhwa,Swabi,NO,
Khyber Pakhtunkhwa,Khyber Pakhtunkhwa,Swat,NO,
Khyber Pakhtunkhwa,Khyber Pakhtunkhwa,Tank,NO,
Khyber Pakhtunkhwa,Khyber Pakhtunkhwa,Tor Ghar,NO,
Khyber Pakhtunkhwa,Khyber Pakhtunkhwa,Upper Dir,NO,
LADAKH,,LEH LADAKH,BURUSHASKI,
LADAKH,,KARGIL,NO,
MADHYA PRADESH,East Madhya Pradesh,UMARIA,BAGHELI,
MADHYA PRADESH,East Madhya Pradesh,SHEOPUR,NO,
MADHYA PRADESH,East Madhya Pradesh,NARSINGHPUR,NO,
MADHYA PRADESH,East Madhya Pradesh,KATNI,BAGHELI,
MADHYA PRADESH,East Madhya Pradesh,NEEMUCH,NO,
MADHYA PRADESH,East Madhya Pradesh,BHIND,BUNDELI,
MADHYA PRADESH,East Madhya Pradesh,REWA,NO,
MADHYA PRADESH,East Madhya Pradesh,MANDLA,BAGHELI,
MADHYA PRADESH,East Madhya Pradesh,SHIVPURI,BUNDELI,
MADHYA PRADESH,East Madhya Pradesh,CHHATARPUR,NO,
MADHYA PRADESH,East Madhya Pradesh,SEONI,BAGHELI,
MADHYA PRADESH,East Madhya Pradesh,SEHORE,BUNDELI,
MADHYA PRADESH,East Madhya Pradesh,ANUPPUR,BAGHELI,
MADHYA PRADESH,East Madhya Pradesh,BALAGHAT,BAGHELI,
MADHYA PRADESH,East Madhya Pradesh,BETUL,NO,
MADHYA PRADESH,East Madhya Pradesh,GWALIOR,BUNDELI,
MADHYA PRADESH,East Madhya Pradesh,VIDISHA,BUNDELI,
MADHYA PRADESH,East Madhya Pradesh,ASHOKNAGAR,BUNDELI,
MADHYA PRADESH,East Madhya Pradesh,CHHINDWARA,BAGHELI,
MADHYA PRADESH,East Madhya Pradesh,MANDSAUR,NO,
MADHYA PRADESH,East Madhya Pradesh,JABALPUR,BAGHELI,
MADHYA PRADESH,East Madhya Pradesh,PANNA,NO,
MADHYA PRADESH,East Madhya Pradesh,SINGRAULI,BAGHELI,
MADHYA PRADESH,East Madhya Pradesh,SAGAR,NO,
MADHYA PRADESH,East Madhya Pradesh,TIKAMGARH,BUNDELI,
MADHYA PRADESH,East Madhya Pradesh,SATNA,NO,
MADHYA PRADESH,East Madhya Pradesh,DATIA,BUNDELI,
MADHYA PRADESH,East Madhya Pradesh,HOSHANGABAD,NO,
MADHYA PRADESH,East Madhya Pradesh,SHAHDOL,BAGHELI,
MADHYA PRADESH,East Madhya Pradesh,SIDHI,BAGHELI,
MADHYA PRADESH,East Madhya Pradesh,DAMOH,NO,
MADHYA PRADESH,East Madhya Pradesh,RAISEN,NO,
MADHYA PRADESH,East Madhya Pradesh,MORENA,NO,
MADHYA PRADESH,East Madhya Pradesh,DINDORI,BAGHELI,
MADHYA PRADESH,East Madhya Pradesh,BHOPAL,BUNDELI,
MADHYA PRADESH,East Madhya Pradesh,GUNA,NO,
MADHYA PRADESH,MADHYA PRADESH,NIWARI,BUNDELI,
MADHYA PRADESH,West Madhya Pradesh,HARDA,NO,
MADHYA PRADESH,West Madhya Pradesh,SHAJAPUR,NO,
MADHYA PRADESH,West Madhya Pradesh,INDORE,MALVI,
MADHYA PRADESH,West Madhya Pradesh,DEWAS,MALVI,
MADHYA PRADESH,West Madhya Pradesh,DHAR,MALVI,
MADHYA PRADESH,West Madhya Pradesh,UJJAIN,NO,
MADHYA PRADESH,West Madhya Pradesh,BARWANI,NIMADI,
MADHYA PRADESH,West Madhya Pradesh,KHARGONE,NIMADI,
MADHYA PRADESH,West Madhya Pradesh,RAJGARH,NO,
MADHYA PRADESH,West Madhya Pradesh,JHABUA,MALVI,
MADHYA PRADESH,West Madhya Pradesh,KHANDWA,NIMADI,
MADHYA PRADESH,West Madhya Pradesh,BURHANPUR,NIMADI,
MADHYA PRADESH,West Madhya Pradesh,ALIRAJPUR,MALVI,
MADHYA PRADESH,West Madhya Pradesh,AGAR MALWA,NO,
MAHARASHTRA,Konkan & Goa,PALGHAR,VARLI,
MAHARASHTRA,Konkan & Goa,RATNAGIRI,MARATHI,
MAHARASHTRA,Konkan & Goa,RAIGAD,MARATHI,
MAHARASHTRA,Konkan & Goa,SINDHUDURG,MARATHI,
MAHARASHTRA,Konkan & Goa,THANE,MARATHI,
MAHARASHTRA,Konkan & Goa,MUMBAI SUBURBAN,MARATHI,
MAHARASHTRA,Madhya Maharashtra,NASHIK,VARLI,
MAHARASHTRA,Madhya Maharashtra,SATARA,MARATHI,
MAHARASHTRA,Madhya Maharashtra,DHULE,KHANDESHI,
MAHARASHTRA,Madhya Maharashtra,PUNE,MARATHI,
MAHARASHTRA,Madhya Maharashtra,JALGAON,KHANDESHI,
MAHARASHTRA,Madhya Maharashtra,KOLHAPUR,MARATHI,
MAHARASHTRA,Madhya Maharashtra,NANDURBAR,KHANDESHI,
MAHARASHTRA,Madhya Maharashtra,SANGLI,MARATHI,
MAHARASHTRA,Madhya Maharashtra,SOLAPUR,MARATHI,
MAHARASHTRA,Madhya Maharashtra,AHMEDNAGAR,MARATHI,
MAHARASHTRA,Matathwada,NANDED,MARATHI,
MAHARASHTRA,Matathwada,HINGOLI,MARATHI,
MAHARASHTRA,Matathwada,OSMANABAD,MARATHI,
MAHARASHTRA,Matathwada,AURANGABAD,MARATHI,
MAHARASHTRA,Matathwada,PARBHANI,MARATHI,
MAHARASHTRA,Matathwada,BEED,MARATHI,
MAHARASHTRA,Matathwada,JALNA,MARATHI,
MAHARASHTRA,Matathwada,LATUR,MARATHI,
MAHARASHTRA,Vidarbha,CHANDRAPUR,MARATHI,
MAHARASHTRA,Vidarbha,GONDIA,MARATHI,
MAHARASHTRA,Vidarbha,WASHIM,MARATHI,
MAHARASHTRA,Vidarbha,GADCHIROLI,MARATHI,
MAHARASHTRA,Vidarbha,YAVATMAL,MARATHI,
MAHARASHTRA,Vidarbha,WARDHA,MARATHI,
MAHARASHTRA,Vidarbha,AMRAVATI,MARATHI,
MAHARASHTRA,Vidarbha,NAGPUR,MARATHI,
MAHARASHTRA,Vidarbha,AKOLA,MARATHI,
MAHARASHTRA,Vidarbha,BHANDARA,MARATHI,
MAHARASHTRA,Vidarbha,BULDHANA,KHANDESHI,
MANIPUR,MANIPUR,KANGPOKPI,NO,
MANIPUR,Naga Mani Mizo Tripura,BISHNUPUR,NO,
MANIPUR,Naga Mani Mizo Tripura,SENAPATI,NO,
MANIPUR,Naga Mani Mizo Tripura,TAMENGLONG,BISHNUPRIYA,
MANIPUR,Naga Mani Mizo Tripura,IMPHAL EAST,NO,
MANIPUR,Naga Mani Mizo Tripura,CHANDEL,NO,
MANIPUR,Naga Mani Mizo Tripura,UKHRUL,NO,
MANIPUR,Naga Mani Mizo Tripura,IMPHAL WEST,NO,
MANIPUR,Naga Mani Mizo Tripura,CHURACHANDPUR,NO,
MANIPUR,Naga Mani Mizo Tripura,THOUBAL,NO,
MEGHALAYA,Assam & Meghalaya,RI BHOI,NO,
MEGHALAYA,Assam & Meghalaya,WEST JAINTIA HILLS,NO,
MEGHALAYA,Assam & Meghalaya,EAST KHASI HILLS,NO,
MEGHALAYA,Assam & Meghalaya,WEST GARO HILLS,NO,
MEGHALAYA,Assam & Meghalaya,EAST JAINTIA HILLS,NO,
MEGHALAYA,Assam & Meghalaya,SOUTH GARO HILLS,NO,
MEGHALAYA,Assam & Meghalaya,SOUTH WEST GARO HILLS,NO,
MEGHALAYA,Assam & Meghalaya,WEST KHASI HILLS,NO,
MEGHALAYA,Assam & Meghalaya,SOUTH WEST KHASI HILLS,NO,
MEGHALAYA,Assam & Meghalaya,NORTH GARO HILLS,NO,
MEGHALAYA,,EAST GARO HILLS,NO,
MIZORAM,Naga Mani Mizo Tripura,AIZAWL,NO,
MIZORAM,Naga Mani Mizo Tripura,KOLASIB,NO,
MIZORAM,Naga Mani Mizo Tripura,LUNGLEI,NO,
MIZORAM,Naga Mani Mizo Tripura,MAMIT,NO,
MIZORAM,Naga Mani Mizo Tripura,CHAMPHAI,NO,
MIZORAM,Naga Mani Mizo Tripura,LAWNGTLAI,NO,
MIZORAM,Naga Mani Mizo Tripura,SAIHA,NO,
MIZORAM,Naga Mani Mizo Tripura,SERCHHIP,NO,
NAGALAND,Naga Mani Mizo Tripura,DIMAPUR,NO,
NAGALAND,Naga Mani Mizo Tripura,PEREN,BISHNUPRIYA,
NAGALAND,Naga Mani Mizo Tripura,PHEK,NO,
NAGALAND,Naga Mani Mizo Tripura,KIPHIRE,NO,
NAGALAND,Naga Mani Mizo Tripura,MON,NO,
NAGALAND,Naga Mani Mizo Tripura,MOKOKCHUNG,NO,
NAGALAND,Naga Mani Mizo Tripura,WOKHA,NO,
NAGALAND,Naga Mani Mizo Tripura,TUENSANG,NO,
NAGALAND,Naga Mani Mizo Tripura,ZUNHEBOTO,NO,
NAGALAND,Naga Mani Mizo Tripura,LONGLENG,NO,
NAGALAND,Naga Mani Mizo Tripura,KOHIMA,NO,
ODISHA,Orissa,KALAHANDI,ORIYA,
ODISHA,Orissa,KENDUJHAR,ORIYA,
ODISHA,Orissa,BARGARH,ORIYA,
ODISHA,Orissa,SUNDARGARH,ORIYA,
ODISHA,Orissa,NUAPADA,ORIYA,
ODISHA,Orissa,BOUDH,ORIYA,
ODISHA,Orissa,JAGATSINGHAPUR,ORIYA,
ODISHA,Orissa,KORAPUT,ORIYA,
ODISHA,Orissa,MAYURBHANJ,ORIYA,
ODISHA,Orissa,KHORDHA,ORIYA,
ODISHA,Orissa,BALANGIR,ORIYA,
ODISHA,Orissa,ANUGUL,ORIYA,
ODISHA,Orissa,NABARANGPUR,ORIYA,
ODISHA,Orissa,RAYAGADA,DRAVIDIAN,
ODISHA,Orissa,BHADRAK,ORIYA,
ODISHA,Orissa,GAJAPATI,ORIYA,
ODISHA,Orissa,SAMBALPUR,ORIYA,
ODISHA,Orissa,KANDHAMAL,ORIYA,
ODISHA,Orissa,JHARSUGUDA,ORIYA,
ODISHA,Orissa,JAJAPUR,ORIYA,
ODISHA,Orissa,GANJAM,ORIYA,
ODISHA,Orissa,NAYAGARH,ORIYA,
ODISHA,Orissa,CUTTACK,ORIYA,
ODISHA,Orissa,SONEPUR,ORIYA,
ODISHA,Orissa,MALKANGIRI,ORIYA,
ODISHA,Orissa,PURI,ORIYA,
ODISHA,Orissa,DHENKANAL,ORIYA,
ODISHA,Orissa,DEOGARH,ORIYA,
ODISHA,Orissa,KENDRAPARA,ORIYA,
ODISHA,Orissa,BALESHWAR,ORIYA,
PUDUCHERRY,,PONDICHERRY,NO,
PUDUCHERRY,,KARAIKAL,NO,
PUDUCHERRY,,MAHE,NO,
PUDUCHERRY,,YANAM,NO,
PUNJAB,Punjab,FAZILKA,PUNJABI,
PUNJAB,Punjab,KAPURTHALA,PUNJABI,
PUNJAB,Punjab,BATHINDA,PUNJABI,
PUNJAB,Punjab,FARIDKOT,PUNJABI,
PUNJAB,Punjab,SANGRUR,PUNJABI,
PUNJAB,Punjab,PATHANKOT,PUNJABI,
PUNJAB,Punjab,FATEHGARH SAHIB,PUNJABI,
PUNJAB,Punjab,GURDASPUR,PUNJABI,
PUNJAB,Punjab,LUDHIANA,PUNJABI,
PUNJAB,Punjab,PATIALA,PUNJABI,
PUNJAB,Punjab,RUPNAGAR,PUNJABI,
PUNJAB,Punjab,HOSHIARPUR,PUNJABI,
PUNJAB,Punjab,MUKTSAR,PUNJABI,
PUNJAB,Punjab,MANSA,PUNJABI,
PUNJAB,Punjab,S NAGAR,PUNJABI,
PUNJAB,Punjab,TARN TARAN,PUNJABI,
PUNJAB,Punjab,AMRITSAR,PUNJABI,
PUNJAB,Punjab,FIROZEPUR,PUNJABI,
PUNJAB,Punjab,SHAHID BHAGAT SINGH NAGAR,PUNJABI,
PUNJAB,Punjab,JALANDHAR,PUNJABI,
PUNJAB,Punjab,MOGA,PUNJABI,
PUNJAB,Punjab,BARNALA,PUNJABI,
Punjab,Punjab,Chiniot,NO,
Punjab,Punjab,Lahore,NO,
Punjab,Punjab,Bhakkar,NO,
Punjab,Punjab,Gujrat,NO,
Punjab,Punjab,Mandi Bahauddin,NO,
Punjab,Punjab,Hafizabad,NO,
Punjab,Punjab,Khushab,NO,
Punjab,Punjab,Attock,NO,
Punjab,Punjab,Jhang,NO,
Punjab,Punjab,Bahawalnagar,NO,
Punjab,Punjab,Bahawalpur,NO,
Punjab,Punjab,Chakwal,NO,
Punjab,Punjab,Dera Ghazi Khan,NO,
Punjab,Punjab,Faisalabad,NO,
Punjab,Punjab,Gujranwala,NO,
Punjab,Punjab,Jhelum,NO,
Punjab,Punjab,Kasur,NO,
Punjab,Punjab,Khanewal,NO,
Punjab,Punjab,Layyah,NO,
Punjab,Punjab,Lodhran,NO,
Punjab,Punjab,Mianwali,NO,
Punjab,Punjab,Multan,NO,
Punjab,Punjab,Muzaffargarh,NO,
Punjab,Punjab,Nankana Sahib,NO,
Punjab,Punjab,Narowal,NO,
Punjab,Punjab,Okara,NO,
Punjab,Punjab,Pakpattan,NO,
Punjab,Punjab,Rahim Yar Khan,NO,
Punjab,Punjab,Rajanpur,NO,
Punjab,Punjab,Rawalpindi,NO,
Punjab,Punjab,Sahiwal,NO,
Punjab,Punjab,Sargodha,NO,
Punjab,Punjab,Sheikhupura,NO,
Punjab,Punjab,Sialkot,NO,
Punjab,Punjab,Toba Tek Singh,NO,
Punjab,Punjab,Vehari,NO,
RAJASTHAN,East Rajasthan,AJMER,MARWARI,
RAJASTHAN,East Rajasthan,KARAULI,DHUNDHARI,
RAJASTHAN,East Rajasthan,SAWAI MADHOPUR,MARWARI,
RAJASTHAN,East Rajasthan,CHURU,BAGRI,
RAJASTHAN,East Rajasthan,SIROHI,SIROHI,
RAJASTHAN,East Rajasthan,JALORE,GODWARI,
RAJASTHAN,East Rajasthan,KOTA,HARAUTI,
RAJASTHAN,East Rajasthan,PRATAPGARH,MEWARI,
RAJASTHAN,East Rajasthan,ALWAR,MEWATI,
RAJASTHAN,East Rajasthan,GANGANAGAR,HARYANVI,
RAJASTHAN,East Rajasthan,BANSWARA,VAGDI,
RAJASTHAN,East Rajasthan,BHILWARA,MARWARI,
RAJASTHAN,East Rajasthan,JHUNJHUNU,BAGRI,
RAJASTHAN,East Rajasthan,JAIPUR,DHUNDHARI,
RAJASTHAN,East Rajasthan,CHITTORGARH,MEWARI,
RAJASTHAN,East Rajasthan,DAUSA,DHUNDHARI,
RAJASTHAN,East Rajasthan,PALI,MARWARI,MARWARI
RAJASTHAN,East Rajasthan,TONK,HARAUTI,
RAJASTHAN,East Rajasthan,DUNGARPUR,VAGDI,
RAJASTHAN,East Rajasthan,SIKAR,DHUNDHARI,
RAJASTHAN,East Rajasthan,BHARATPUR,MARWARI,
RAJASTHAN,East Rajasthan,DHOLPUR,MARWARI,
RAJASTHAN,East Rajasthan,RAJSAMAND,MEWARI,
RAJASTHAN,East Rajasthan,BUNDI,HARAUTI,
RAJASTHAN,East Rajasthan,NAGAUR,DHUNDHARI,
RAJASTHAN,East Rajasthan,HANUMANGARH,HARYANVI,
RAJASTHAN,East Rajasthan,BARAN,MARWARI,
RAJASTHAN,East Rajasthan,RATLAM,VAGDI,
RAJASTHAN,East Rajasthan,UDAIPUR,MEWARI,
RAJASTHAN,East Rajasthan,JHALAWAR,MARWARI,
RAJASTHAN,West Rajasthan,BARMER,MARWARI,
RAJASTHAN,West Rajasthan,JAISALMER,MARWARI,
RAJASTHAN,West Rajasthan,JODHPUR,MARWARI,
RAJASTHAN,West Rajasthan,BIKANER,MARWARI,
SIKKIM,Sub Himalayan West Bengal & Sikkim,WEST DISTRICT,MARWARI,
SIKKIM,Sub Himalayan West Bengal & Sikkim,NORTH DISTRICT,MARWARI,
SIKKIM,Sub Himalayan West Bengal & Sikkim,SOUTH DISTRICT,MARWARI,
SIKKIM,Sub Himalayan West Bengal & Sikkim,EAST DISTRICT,MARWARI,
Sindh,Sindh,Shikarpur,SINDHI,
Sindh,Sindh,Badin,SINDHI,
Sindh,Sindh,Dadu,SINDHI,
Sindh,Sindh,Ghotki,SINDHI,
Sindh,Sindh,Hyderabad,SINDHI,
Sindh,Sindh,Jacobabad,SINDHI,
Sindh,Sindh,Mirpurkhas,SINDHI,
Sindh,Sindh,Jamshoro,SINDHI,
Sindh,Sindh,Kambar-Shahdadkot,SINDHI,
Sindh,Sindh,Karachi,SINDHI,
Sindh,Sindh,Kashmore,SINDHI,
Sindh,Sindh,Khairpur,SINDHI,
Sindh,Sindh,Larkana,SINDHI,
Sindh,Sindh,Matiari,SINDHI,
Sindh,Sindh,Naushehro Feroze,SINDHI,
Sindh,Sindh,Sanghar,SINDHI,
Sindh,Sindh,Shaheed Benazirabad,SINDHI,
Sindh,Sindh,Sukkur,SINDHI,
Sindh,Sindh,Tando Allah Yar,SINDHI,
Sindh,Sindh,Tando Muhammad Khan,SINDHI,
Sindh,Sindh,Tharparkar,SINDHI,
Sindh,Sindh,Thatta,SINDHI,
Sindh,Sindh,Sajawal,SINDHI,
Sindh,Sindh,Umerkot,SINDHI,
TAMIL NADU,Tamil Nadu,KANNIYAKUMARI,DRAVIDIAN,
TAMIL NADU,Tamil Nadu,THIRUVARUR,DRAVIDIAN,
TAMIL NADU,Tamil Nadu,PERAMBALUR,DRAVIDIAN,
TAMIL NADU,Tamil Nadu,DINDIGUL,DRAVIDIAN,
TAMIL NADU,Tamil Nadu,THANJAVUR,DRAVIDIAN,
TAMIL NADU,Tamil Nadu,KARUR,DRAVIDIAN,
TAMIL NADU,Tamil Nadu,THIRUVALLUR,DRAVIDIAN,
TAMIL NADU,Tamil Nadu,ERODE,DRAVIDIAN,
TAMIL NADU,Tamil Nadu,COIMBATORE,DRAVIDIAN,
TAMIL NADU,Tamil Nadu,PUDUKKOTTAI,DRAVIDIAN,
TAMIL NADU,Tamil Nadu,NAGAPATTINAM,DRAVIDIAN,
TAMIL NADU,Tamil Nadu,MADURAI,DRAVIDIAN,
TAMIL NADU,Tamil Nadu,TIRUCHIRAPPALLI,DRAVIDIAN,
TAMIL NADU,Tamil Nadu,CUDDALORE,DRAVIDIAN,
TAMIL NADU,Tamil Nadu,SIVAGANGA,DRAVIDIAN,
TAMIL NADU,Tamil Nadu,THE NILGIRIS,DRAVIDIAN,
TAMIL NADU,Tamil Nadu,TIRUNELVELI,DRAVIDIAN,
TAMIL NADU,Tamil Nadu,TUTICORIN,DRAVIDIAN,
TAMIL NADU,Tamil Nadu,KANCHIPURAM,DRAVIDIAN,
TAMIL NADU,Tamil Nadu,TIRUVANNAMALAI,DRAVIDIAN,
TAMIL NADU,Tamil Nadu,KRISHNAGIRI,DRAVIDIAN,
TAMIL NADU,Tamil Nadu,VIRUDHUNAGAR,DRAVIDIAN,
TAMIL NADU,Tamil Nadu,TIRUPPUR,DRAVIDIAN,
TAMIL NADU,Tamil Nadu,THENI,DRAVIDIAN,
TAMIL NADU,Tamil Nadu,NAMAKKAL,DRAVIDIAN,
TAMIL NADU,Tamil Nadu,VILLUPURAM,DRAVIDIAN,
TAMIL NADU,Tamil Nadu,RAMANATHAPURAM,DRAVIDIAN,
TAMIL NADU,Tamil Nadu,DHARMAPURI,DRAVIDIAN,
TAMIL NADU,Tamil Nadu,ARIYALUR,DRAVIDIAN,
TAMIL NADU,Tamil Nadu,VELLORE,DRAVIDIAN,
TAMIL NADU,Tamil Nadu,SALEM,DRAVIDIAN,
TAMIL NADU,TAMIL NADU,TIRUPATHUR,DRAVIDIAN,
TAMIL NADU,TAMIL NADU,RANIPET,DRAVIDIAN,
TAMIL NADU,TAMIL NADU,CHENNAI,DRAVIDIAN,
TAMIL NADU,TAMIL NADU,KALLAKURICHI,DRAVIDIAN,
TAMIL NADU,TAMIL NADU,TENKASI,DRAVIDIAN,
TELANGANA,Telangana,NAGARKURNOOL,DRAVIDIAN,
TELANGANA,Telangana,KHAMMAM,DRAVIDIAN,
TELANGANA,Telangana,NIZAMABAD,DRAVIDIAN,
TELANGANA,Telangana,RANGAREDDI,DRAVIDIAN,
TELANGANA,Telangana,WANAPARTHY,DRAVIDIAN,
TELANGANA,Telangana,HANUMAKONDA,DRAVIDIAN,
TELANGANA,Telangana,JAGITIAL,DRAVIDIAN,
TELANGANA,Telangana,KOMARAM BHEEM ASIFABAD,DRAVIDIAN,
TELANGANA,Telangana,JOGULAMBA,DRAVIDIAN,
TELANGANA,Telangana,VIKARABAD,DRAVIDIAN,
TELANGANA,Telangana,KARIMNAGAR,DRAVIDIAN,
TELANGANA,Telangana,WARANGAL,DRAVIDIAN,
TELANGANA,Telangana,MAHABUBABAD,DRAVIDIAN,
TELANGANA,Telangana,MANCHERIAL,DRAVIDIAN,
TELANGANA,Telangana,HYDERABAD,DRAVIDIAN,
TELANGANA,Telangana,MEDAK,DRAVIDIAN,
TELANGANA,Telangana,SURYAPET,DRAVIDIAN,
TELANGANA,Telangana,NALGONDA,DRAVIDIAN,
TELANGANA,Telangana,JAYASHANKAR,DRAVIDIAN,
TELANGANA,Telangana,MAHBUBNAGAR,DRAVIDIAN,
TELANGANA,Telangana,JANGOAN,DRAVIDIAN,
TELANGANA,Telangana,YADADRI,DRAVIDIAN,
TELANGANA,Telangana,MEDCHAL MALKAJGIRI,DRAVIDIAN,
TELANGANA,Telangana,BHADRADRI,DRAVIDIAN,
TELANGANA,Telangana,ADILABAD,DRAVIDIAN,
TELANGANA,Telangana,RAJANNA,DRAVIDIAN,
TELANGANA,Telangana,NIRMAL,DRAVIDIAN,
TELANGANA,Telangana,KAMAREDDY,DRAVIDIAN,
TELANGANA,Telangana,SANGAREDDY,DRAVIDIAN,
TELANGANA,Telangana,PEDDAPALLI,DRAVIDIAN,
TELANGANA,Telangana,SIDDIPET,DRAVIDIAN,
TELANGANA,TELANGANA,MULUGU,DRAVIDIAN,
TELANGANA,TELANGANA,NARAYANAPET,DRAVIDIAN,
TRIPURA,Naga Mani Mizo Tripura,DHALAI,MARWARI,
TRIPURA,Naga Mani Mizo Tripura,GOMATI,MARWARI,
TRIPURA,Naga Mani Mizo Tripura,KHOWAI,MARWARI,
TRIPURA,Naga Mani Mizo Tripura,WEST TRIPURA,MARWARI,
TRIPURA,Naga Mani Mizo Tripura,SOUTH TRIPURA,MARWARI,
TRIPURA,Naga Mani Mizo Tripura,UNAKOTI,MARWARI,
TRIPURA,Naga Mani Mizo Tripura,NORTH TRIPURA,MARWARI,
TRIPURA,Naga Mani Mizo Tripura,SEPAHIJALA,MARWARI,
UTTAR PRADESH,East Uttar Pradesh,ALLAHABAD,MARWARI,
UTTAR PRADESH,East Uttar Pradesh,GORAKHPUR,BHOJPURI,
UTTAR PRADESH,East Uttar Pradesh,KUSHI NAGAR,BHOJPURI,
UTTAR PRADESH,East Uttar Pradesh,BAHRAICH,MARWARI,
UTTAR PRADESH,East Uttar Pradesh,CHITRAKOOT,MARWARI,
UTTAR PRADESH,East Uttar Pradesh,MIRZAPUR,MARWARI,
UTTAR PRADESH,East Uttar Pradesh,SANT KABEER NAGAR,MARWARI,
UTTAR PRADESH,East Uttar Pradesh,MAHARAJGANJ,BHOJPURI,
UTTAR PRADESH,East Uttar Pradesh,DEORIA,BHOJPURI,
UTTAR PRADESH,East Uttar Pradesh,PRATAPGADH,AWADHI,
UTTAR PRADESH,East Uttar Pradesh,CHANDAULI,BHOJPURI,
UTTAR PRADESH,East Uttar Pradesh,AMBEDKAR NAGAR,MARWARI,
UTTAR PRADESH,East Uttar Pradesh,JAUNPUR,MARWARI,
UTTAR PRADESH,East Uttar Pradesh,GHAZIPUR,BHOJPURI,
UTTAR PRADESH,East Uttar Pradesh,BASTI,AWADHI,
UTTAR PRADESH,East Uttar Pradesh,SULTANPUR,AWADHI,
UTTAR PRADESH,East Uttar Pradesh,BALLIA,BHOJPURI,
UTTAR PRADESH,East Uttar Pradesh,GONDA,AWADHI,
UTTAR PRADESH,East Uttar Pradesh,AZAMGARH,BHOJPURI,
UTTAR PRADESH,East Uttar Pradesh,SONBHADRA,BHOJPURI,
UTTAR PRADESH,East Uttar Pradesh,SIDDHARTH NAGAR,MARWARI,
UTTAR PRADESH,East Uttar Pradesh,VARANASI,BHOJPURI,
UTTAR PRADESH,East Uttar Pradesh,MAU,BHOJPURI,
UTTAR PRADESH,East Uttar Pradesh,SANT RAVIDAS NAGAR,MARWARI,
UTTAR PRADESH,West Uttar Pradesh,KANPUR DEHAT,MARWARI,
UTTAR PRADESH,West Uttar Pradesh,FATEHPUR,AWADHI,
UTTAR PRADESH,West Uttar Pradesh,BAREILLY,KANNAUJI,
UTTAR PRADESH,West Uttar Pradesh,BUDAUN,KANNAUJI,
UTTAR PRADESH,West Uttar Pradesh,SHAMLI,KAURAVI,
UTTAR PRADESH,West Uttar Pradesh,LUCKNOW,MARWARI,
UTTAR PRADESH,West Uttar Pradesh,GHAZIABAD,NO,
UTTAR PRADESH,West Uttar Pradesh,KAUSHAMBI,MARWARI,
UTTAR PRADESH,West Uttar Pradesh,UNNAO,MARWARI,
UTTAR PRADESH,West Uttar Pradesh,BANDA,MARWARI,
UTTAR PRADESH,West Uttar Pradesh,BAGHPAT,MARWARI,
UTTAR PRADESH,West Uttar Pradesh,RAMPUR,KAURAVI,
UTTAR PRADESH,West Uttar Pradesh,ETAWAH,KANNAUJI,
UTTAR PRADESH,West Uttar Pradesh,KANPUR NAGAR,MARWARI,
UTTAR PRADESH,West Uttar Pradesh,AURAIYA,KANNAUJI,
UTTAR PRADESH,West Uttar Pradesh,JHANSI,BUNDELI,
UTTAR PRADESH,West Uttar Pradesh,SHAHJAHANPUR,KANNAUJI,
UTTAR PRADESH,West Uttar Pradesh,AGRA,KANNAUJI,
UTTAR PRADESH,West Uttar Pradesh,BARABANKI,MARWARI,
UTTAR PRADESH,West Uttar Pradesh,LALITPUR,BUNDELI,
UTTAR PRADESH,West Uttar Pradesh,MATHURA,BRAJ,
UTTAR PRADESH,West Uttar Pradesh,HAMIRPURA,MARWARI,
UTTAR PRADESH,West Uttar Pradesh,MUZAFFARNAGAR,KAURAVI,
UTTAR PRADESH,West Uttar Pradesh,MAHOBA,MARWARI,
UTTAR PRADESH,West Uttar Pradesh,AYODHYA,AWADHI,
UTTAR PRADESH,West Uttar Pradesh,SAHARANPUR,KAURAVI,
UTTAR PRADESH,West Uttar Pradesh,AMROHA,KAURAVI,
UTTAR PRADESH,West Uttar Pradesh,JALAUN,KANNAUJI,
UTTAR PRADESH,West Uttar Pradesh,MORADABAD,KAURAVI,
UTTAR PRADESH,West Uttar Pradesh,SITAPUR,MARWARI,
UTTAR PRADESH,West Uttar Pradesh,ALIGARH,BRAJ,
UTTAR PRADESH,West Uttar Pradesh,HATHRAS,BRAJ,
UTTAR PRADESH,West Uttar Pradesh,MEERUT,MARWARI,
UTTAR PRADESH,West Uttar Pradesh,BULANDSHAHR,MARWARI,
UTTAR PRADESH,West Uttar Pradesh,AMETHI,AWADHI,
UTTAR PRADESH,West Uttar Pradesh,PILIBHIT,KANNAUJI,
UTTAR PRADESH,West Uttar Pradesh,BIJNOR,KAURAVI,
UTTAR PRADESH,West Uttar Pradesh,HARDOI,MARWARI,
UTTAR PRADESH,West Uttar Pradesh,RAE BARELI,AWADHI,
UTTAR PRADESH,West Uttar Pradesh,GAUTAM BUDDHA NAGAR,MARWARI,
UTTAR PRADESH,West Uttar Pradesh,FARRUKHABAD,KANNAUJI,
UTTAR PRADESH,West Uttar Pradesh,FIROZABAD,KANNAUJI,
UTTAR PRADESH,West Uttar Pradesh,BALRAMPURA,AWADHI,
UTTAR PRADESH,West Uttar Pradesh,SHRAVASTI,MARWARI,
UTTAR PRADESH,West Uttar Pradesh,HAPUR,MARWARI,
UTTAR PRADESH,West Uttar Pradesh,KHERI,MARWARI,
UTTAR PRADESH,West Uttar Pradesh,MAINPURI,KANNAUJI,
UTTAR PRADESH,West Uttar Pradesh,SAMBHAL,BRAJ,
UTTAR PRADESH,West Uttar Pradesh,KASGANJ,KANNAUJI,
UTTAR PRADESH,West Uttar Pradesh,KANNAUJ,KANNAUJI,
UTTAR PRADESH,West Uttar Pradesh,ETAH,KANNAUJI,
UTTARAKHAND,Uttarakhand,DEHRADUN,GARHWALI,
UTTARAKHAND,Uttarakhand,PITHORAGARH,KUMAUNI,
UTTARAKHAND,Uttarakhand,HARIDWAR,KUMAUNI,
UTTARAKHAND,Uttarakhand,CHAMOLI,GARHWALI,
UTTARAKHAND,Uttarakhand,UDAM SINGH NAGAR,KUMAUNI,
UTTARAKHAND,Uttarakhand,UTTAR KASHI,GARHWALI,
UTTARAKHAND,Uttarakhand,RUDRA PRAYAG,GARHWALI,
UTTARAKHAND,Uttarakhand,PAURI GARHWAL,KUMAUNI,
UTTARAKHAND,Uttarakhand,CHAMPAWAT,KUMAUNI,
UTTARAKHAND,Uttarakhand,ALMORA,KUMAUNI,
UTTARAKHAND,Uttarakhand,NAINITAL,KUMAUNI,
UTTARAKHAND,Uttarakhand,TEHRI GARHWAL,GARHWALI,
UTTARAKHAND,Uttarakhand,BAGESHWAR,KUMAUNI,
WEST BENGAL,Gangetic West Bengal,NADIA,BENGALI,
WEST BENGAL,Gangetic West Bengal,BIRBHUM,BENGALI,
WEST BENGAL,Gangetic West Bengal,HOWRAH,BENGALI,
WEST BENGAL,Gangetic West Bengal,DINAJPUR DAKSHIN,BENGALI,
WEST BENGAL,Gangetic West Bengal,PURULIA,BENGALI,
WEST BENGAL,Gangetic West Bengal,PASCHIM BARDHAMAN,BENGALI,
WEST BENGAL,Gangetic West Bengal,MEDINIPUR EAST,BENGALI,
WEST BENGAL,Gangetic West Bengal,BANKURA,BENGALI,
WEST BENGAL,Gangetic West Bengal,JHARGRAM,BENGALI,
WEST BENGAL,Gangetic West Bengal,MEDINIPUR WEST,BENGALI,
WEST BENGAL,Gangetic West Bengal,MALDAH,BENGALI,
WEST BENGAL,Gangetic West Bengal,KOLKATA,BENGALI,
WEST BENGAL,Gangetic West Bengal,PURBA BARDHAMAN,BENGALI,
WEST BENGAL,Gangetic West Bengal,MURSHIDABAD,BENGALI,
WEST BENGAL,Gangetic West Bengal,HOOGHLY,BENGALI,
WEST BENGAL,Gangetic West Bengal,PARAGANAS NORTH,BENGALI,
WEST BENGAL,Gangetic West Bengal,PARAGANAS SOUTH,BENGALI,
WEST BENGAL,Sub Himalayan West Bengal & Sikkim,COOCHBEHAR,BENGALI,
WEST BENGAL,Sub Himalayan West Bengal & Sikkim,DARJEELING,BENGALI,
WEST BENGAL,Sub Himalayan West Bengal & Sikkim,ALIPURDUAR,BENGALI,
WEST BENGAL,Sub Himalayan West Bengal & Sikkim,JALPAIGURI,BENGALI,
WEST BENGAL,Sub Himalayan West Bengal & Sikkim,KALIMPONG,BENGALI,
WEST BENGAL,Sub Himalayan West Bengal & Sikkim,DINAJPUR UTTAR,BENGALI,
Bangladesh,Bangladesh,Bangladesh,BENGALI,
Nepal,Nepal,Nepal,NEPALI,
Sri Lanka,Sri Lanka,Sri Lanka,SINHALESE,
